hexagram_id,phase,voiceWeight,coherence,chaos,whimsy,darkTone,porosity_norm,dominant_axis,text
1,past,0.96129,0.97951,0.06246,0.17114,0.015,0.25,coherence,<|hexagram|>01 <|phase|>past <|action|>ASSERT <|dominant|>coherence <|porosity|>0.25 <|source|>baseline <|name|>The Creative
1,present,0.96129,0.97951,0.06246,0.17114,0.015,0.25,coherence,<|hexagram|>01 <|phase|>present <|action|>ASSERT <|dominant|>coherence <|porosity|>0.25 <|source|>baseline <|name|>The Creative
1,future,0.96129,0.97951,0.06246,0.17114,0.015,0.25,coherence,<|hexagram|>01 <|phase|>future <|action|>ASSERT <|dominant|>coherence <|porosity|>0.25 <|source|>baseline <|name|>The Creative
1,transition,0.96129,0.97951,0.06246,0.17114,0.015,0.25,coherence,<|hexagram|>01 <|phase|>transition <|action|>ASSERT <|dominant|>coherence <|porosity|>0.25 <|source|>baseline <|name|>The Creative
1,resolution,0.96129,0.97951,0.06246,0.17114,0.015,0.25,coherence,<|hexagram|>01 <|phase|>resolution <|action|>ASSERT <|dominant|>coherence <|porosity|>0.25 <|source|>baseline <|name|>The Creative
1,dissolution,0.96129,0.97951,0.06246,0.17114,0.015,0.25,coherence,<|hexagram|>01 <|phase|>dissolution <|action|>ASSERT <|dominant|>coherence <|porosity|>0.25 <|source|>baseline <|name|>The Creative
1,crystallization,0.96129,0.97951,0.06246,0.17114,0.015,0.25,coherence,<|hexagram|>01 <|phase|>crystallization <|action|>ASSERT <|dominant|>coherence <|porosity|>0.25 <|source|>baseline <|name|>The Creative
1,void,0.96129,0.97951,0.06246,0.17114,0.015,0.25,coherence,<|hexagram|>01 <|phase|>void <|action|>ASSERT <|dominant|>coherence <|porosity|>0.25 <|source|>baseline <|name|>The Creative
2,past,0.86636,0.95722,0.06246,0.12368,0.05871,0.25,coherence,<|hexagram|>02 <|phase|>past <|action|>YIELD <|dominant|>coherence <|porosity|>0.25 <|source|>baseline <|name|>The Receptive
2,present,0.86636,0.95722,0.06246,0.12368,0.05871,0.25,coherence,<|hexagram|>02 <|phase|>present <|action|>YIELD <|dominant|>coherence <|porosity|>0.25 <|source|>baseline <|name|>The Receptive
2,future,0.86636,0.95722,0.06246,0.12368,0.05871,0.25,coherence,<|hexagram|>02 <|phase|>future <|action|>YIELD <|dominant|>coherence <|porosity|>0.25 <|source|>baseline <|name|>The Receptive
2,transition,0.86636,0.95722,0.06246,0.12368,0.05871,0.25,coherence,<|hexagram|>02 <|phase|>transition <|action|>YIELD <|dominant|>coherence <|porosity|>0.25 <|source|>baseline <|name|>The Receptive
2,resolution,0.86636,0.95722,0.06246,0.12368,0.05871,0.25,coherence,<|hexagram|>02 <|phase|>resolution <|action|>YIELD <|dominant|>coherence <|porosity|>0.25 <|source|>baseline <|name|>The Receptive
2,dissolution,0.86636,0.95722,0.06246,0.12368,0.05871,0.25,coherence,<|hexagram|>02 <|phase|>dissolution <|action|>YIELD <|dominant|>coherence <|porosity|>0.25 <|source|>baseline <|name|>The Receptive
2,crystallization,0.86636,0.95722,0.06246,0.12368,0.05871,0.25,coherence,<|hexagram|>02 <|phase|>crystallization <|action|>YIELD <|dominant|>coherence <|porosity|>0.25 <|source|>baseline <|name|>The Receptive
2,void,0.86636,0.95722,0.06246,0.12368,0.05871,0.25,coherence,<|hexagram|>02 <|phase|>void <|action|>YIELD <|dominant|>coherence <|porosity|>0.25 <|source|>baseline <|name|>The Receptive
3,past,0.63398,0.50545,0.48948,0.57935,0.3108,0.5,voiceWeight,<|hexagram|>03 <|phase|>past <|action|>ADAPT <|dominant|>voiceWeight <|porosity|>0.50 <|source|>baseline <|name|>Difficulty at the Beginning
3,present,0.63398,0.50545,0.48948,0.57935,0.3108,0.5,voiceWeight,<|hexagram|>03 <|phase|>present <|action|>ADAPT <|dominant|>voiceWeight <|porosity|>0.50 <|source|>baseline <|name|>Difficulty at the Beginning
3,future,0.63398,0.50545,0.48948,0.57935,0.3108,0.5,voiceWeight,<|hexagram|>03 <|phase|>future <|action|>ADAPT <|dominant|>voiceWeight <|porosity|>0.50 <|source|>baseline <|name|>Difficulty at the Beginning
3,transition,0.63398,0.50545,0.48948,0.57935,0.3108,0.5,voiceWeight,<|hexagram|>03 <|phase|>transition <|action|>ADAPT <|dominant|>voiceWeight <|porosity|>0.50 <|source|>baseline <|name|>Difficulty at the Beginning
3,resolution,0.63398,0.50545,0.48948,0.57935,0.3108,0.5,voiceWeight,<|hexagram|>03 <|phase|>resolution <|action|>ADAPT <|dominant|>voiceWeight <|porosity|>0.50 <|source|>baseline <|name|>Difficulty at the Beginning
3,dissolution,0.63398,0.50545,0.48948,0.57935,0.3108,0.5,voiceWeight,<|hexagram|>03 <|phase|>dissolution <|action|>ADAPT <|dominant|>voiceWeight <|porosity|>0.50 <|source|>baseline <|name|>Difficulty at the Beginning
3,crystallization,0.63398,0.50545,0.48948,0.57935,0.3108,0.5,voiceWeight,<|hexagram|>03 <|phase|>crystallization <|action|>ADAPT <|dominant|>voiceWeight <|porosity|>0.50 <|source|>baseline <|name|>Difficulty at the Beginning
3,void,0.63398,0.50545,0.48948,0.57935,0.3108,0.5,voiceWeight,<|hexagram|>03 <|phase|>void <|action|>ADAPT <|dominant|>voiceWeight <|porosity|>0.50 <|source|>baseline <|name|>Difficulty at the Beginning
4,past,0.70472,0.64492,0.32507,0.73845,0.16125,0.5,whimsy,<|hexagram|>04 <|phase|>past <|action|>WAIT <|dominant|>whimsy <|porosity|>0.50 <|source|>baseline <|name|>Youthful Folly
4,present,0.70472,0.64492,0.32507,0.73845,0.16125,0.5,whimsy,<|hexagram|>04 <|phase|>present <|action|>WAIT <|dominant|>whimsy <|porosity|>0.50 <|source|>baseline <|name|>Youthful Folly
4,future,0.70472,0.64492,0.32507,0.73845,0.16125,0.5,whimsy,<|hexagram|>04 <|phase|>future <|action|>WAIT <|dominant|>whimsy <|porosity|>0.50 <|source|>baseline <|name|>Youthful Folly
4,transition,0.70472,0.64492,0.32507,0.73845,0.16125,0.5,whimsy,<|hexagram|>04 <|phase|>transition <|action|>WAIT <|dominant|>whimsy <|porosity|>0.50 <|source|>baseline <|name|>Youthful Folly
4,resolution,0.70472,0.64492,0.32507,0.73845,0.16125,0.5,whimsy,<|hexagram|>04 <|phase|>resolution <|action|>WAIT <|dominant|>whimsy <|porosity|>0.50 <|source|>baseline <|name|>Youthful Folly
4,dissolution,0.70472,0.64492,0.32507,0.73845,0.16125,0.5,whimsy,<|hexagram|>04 <|phase|>dissolution <|action|>WAIT <|dominant|>whimsy <|porosity|>0.50 <|source|>baseline <|name|>Youthful Folly
4,crystallization,0.70472,0.64492,0.32507,0.73845,0.16125,0.5,whimsy,<|hexagram|>04 <|phase|>crystallization <|action|>WAIT <|dominant|>whimsy <|porosity|>0.50 <|source|>baseline <|name|>Youthful Folly
4,void,0.70472,0.64492,0.32507,0.73845,0.16125,0.5,whimsy,<|hexagram|>04 <|phase|>void <|action|>WAIT <|dominant|>whimsy <|porosity|>0.50 <|source|>baseline <|name|>Youthful Folly
5,past,0.80875,0.905,0.11754,0.27114,0.11379,0.5,coherence,<|hexagram|>05 <|phase|>past <|action|>WAIT <|dominant|>coherence <|porosity|>0.50 <|source|>baseline <|name|>Waiting
5,present,0.80875,0.905,0.11754,0.27114,0.11379,0.5,coherence,<|hexagram|>05 <|phase|>present <|action|>WAIT <|dominant|>coherence <|porosity|>0.50 <|source|>baseline <|name|>Waiting
5,future,0.80875,0.905,0.11754,0.27114,0.11379,0.5,coherence,<|hexagram|>05 <|phase|>future <|action|>WAIT <|dominant|>coherence <|porosity|>0.50 <|source|>baseline <|name|>Waiting
5,transition,0.80875,0.905,0.11754,0.27114,0.11379,0.5,coherence,<|hexagram|>05 <|phase|>transition <|action|>WAIT <|dominant|>coherence <|porosity|>0.50 <|source|>baseline <|name|>Waiting
5,resolution,0.80875,0.905,0.11754,0.27114,0.11379,0.5,coherence,<|hexagram|>05 <|phase|>resolution <|action|>WAIT <|dominant|>coherence <|porosity|>0.50 <|source|>baseline <|name|>Waiting
5,dissolution,0.80875,0.905,0.11754,0.27114,0.11379,0.5,coherence,<|hexagram|>05 <|phase|>dissolution <|action|>WAIT <|dominant|>coherence <|porosity|>0.50 <|source|>baseline <|name|>Waiting
5,crystallization,0.80875,0.905,0.11754,0.27114,0.11379,0.5,coherence,<|hexagram|>05 <|phase|>crystallization <|action|>WAIT <|dominant|>coherence <|porosity|>0.50 <|source|>baseline <|name|>Waiting
5,void,0.80875,0.905,0.11754,0.27114,0.11379,0.5,coherence,<|hexagram|>05 <|phase|>void <|action|>WAIT <|dominant|>coherence <|porosity|>0.50 <|source|>baseline <|name|>Waiting
6,past,0.84517,0.76958,0.40455,0.1887,0.29085,1.0,voiceWeight,<|hexagram|>06 <|phase|>past <|action|>ASSERT <|dominant|>voiceWeight <|porosity|>1.00 <|source|>baseline <|name|>Conflict
6,present,0.84517,0.76958,0.40455,0.1887,0.29085,1.0,voiceWeight,<|hexagram|>06 <|phase|>present <|action|>ASSERT <|dominant|>voiceWeight <|porosity|>1.00 <|source|>baseline <|name|>Conflict
6,future,0.84517,0.76958,0.40455,0.1887,0.29085,1.0,voiceWeight,<|hexagram|>06 <|phase|>future <|action|>ASSERT <|dominant|>voiceWeight <|porosity|>1.00 <|source|>baseline <|name|>Conflict
6,transition,0.84517,0.76958,0.40455,0.1887,0.29085,1.0,voiceWeight,<|hexagram|>06 <|phase|>transition <|action|>ASSERT <|dominant|>voiceWeight <|porosity|>1.00 <|source|>baseline <|name|>Conflict
6,resolution,0.84517,0.76958,0.40455,0.1887,0.29085,1.0,voiceWeight,<|hexagram|>06 <|phase|>resolution <|action|>ASSERT <|dominant|>voiceWeight <|porosity|>1.00 <|source|>baseline <|name|>Conflict
6,dissolution,0.84517,0.76958,0.40455,0.1887,0.29085,1.0,voiceWeight,<|hexagram|>06 <|phase|>dissolution <|action|>ASSERT <|dominant|>voiceWeight <|porosity|>1.00 <|source|>baseline <|name|>Conflict
6,crystallization,0.84517,0.76958,0.40455,0.1887,0.29085,1.0,voiceWeight,<|hexagram|>06 <|phase|>crystallization <|action|>ASSERT <|dominant|>voiceWeight <|porosity|>1.00 <|source|>baseline <|name|>Conflict
6,void,0.84517,0.76958,0.40455,0.1887,0.29085,1.0,voiceWeight,<|hexagram|>06 <|phase|>void <|action|>ASSERT <|dominant|>voiceWeight <|porosity|>1.00 <|source|>baseline <|name|>Conflict
7,past,0.95872,0.97125,0.09499,0.10876,0.2612,0.25,coherence,<|hexagram|>07 <|phase|>past <|action|>ASSERT <|dominant|>coherence <|porosity|>0.25 <|source|>baseline <|name|>The Army
7,present,0.95872,0.97125,0.09499,0.10876,0.2612,0.25,coherence,<|hexagram|>07 <|phase|>present <|action|>ASSERT <|dominant|>coherence <|porosity|>0.25 <|source|>baseline <|name|>The Army
7,future,0.95872,0.97125,0.09499,0.10876,0.2612,0.25,coherence,<|hexagram|>07 <|phase|>future <|action|>ASSERT <|dominant|>coherence <|porosity|>0.25 <|source|>baseline <|name|>The Army
7,transition,0.95872,0.97125,0.09499,0.10876,0.2612,0.25,coherence,<|hexagram|>07 <|phase|>transition <|action|>ASSERT <|dominant|>coherence <|porosity|>0.25 <|source|>baseline <|name|>The Army
7,resolution,0.95872,0.97125,0.09499,0.10876,0.2612,0.25,coherence,<|hexagram|>07 <|phase|>resolution <|action|>ASSERT <|dominant|>coherence <|porosity|>0.25 <|source|>baseline <|name|>The Army
7,dissolution,0.95872,0.97125,0.09499,0.10876,0.2612,0.25,coherence,<|hexagram|>07 <|phase|>dissolution <|action|>ASSERT <|dominant|>coherence <|porosity|>0.25 <|source|>baseline <|name|>The Army
7,crystallization,0.95872,0.97125,0.09499,0.10876,0.2612,0.25,coherence,<|hexagram|>07 <|phase|>crystallization <|action|>ASSERT <|dominant|>coherence <|porosity|>0.25 <|source|>baseline <|name|>The Army
7,void,0.95872,0.97125,0.09499,0.10876,0.2612,0.25,coherence,<|hexagram|>07 <|phase|>void <|action|>ASSERT <|dominant|>coherence <|porosity|>0.25 <|source|>baseline <|name|>The Army
8,past,0.84487,0.89911,0.14485,0.42838,0.07513,0.25,coherence,<|hexagram|>08 <|phase|>past <|action|>YIELD <|dominant|>coherence <|porosity|>0.25 <|source|>baseline <|name|>Holding Together
8,present,0.84487,0.89911,0.14485,0.42838,0.07513,0.25,coherence,<|hexagram|>08 <|phase|>present <|action|>YIELD <|dominant|>coherence <|porosity|>0.25 <|source|>baseline <|name|>Holding Together
8,future,0.84487,0.89911,0.14485,0.42838,0.07513,0.25,coherence,<|hexagram|>08 <|phase|>future <|action|>YIELD <|dominant|>coherence <|porosity|>0.25 <|source|>baseline <|name|>Holding Together
8,transition,0.84487,0.89911,0.14485,0.42838,0.07513,0.25,coherence,<|hexagram|>08 <|phase|>transition <|action|>YIELD <|dominant|>coherence <|porosity|>0.25 <|source|>baseline <|name|>Holding Together
8,resolution,0.84487,0.89911,0.14485,0.42838,0.07513,0.25,coherence,<|hexagram|>08 <|phase|>resolution <|action|>YIELD <|dominant|>coherence <|porosity|>0.25 <|source|>baseline <|name|>Holding Together
8,dissolution,0.84487,0.89911,0.14485,0.42838,0.07513,0.25,coherence,<|hexagram|>08 <|phase|>dissolution <|action|>YIELD <|dominant|>coherence <|porosity|>0.25 <|source|>baseline <|name|>Holding Together
8,crystallization,0.84487,0.89911,0.14485,0.42838,0.07513,0.25,coherence,<|hexagram|>08 <|phase|>crystallization <|action|>YIELD <|dominant|>coherence <|porosity|>0.25 <|source|>baseline <|name|>Holding Together
8,void,0.84487,0.89911,0.14485,0.42838,0.07513,0.25,coherence,<|hexagram|>08 <|phase|>void <|action|>YIELD <|dominant|>coherence <|porosity|>0.25 <|source|>baseline <|name|>Holding Together
9,past,0.7089,0.62515,0.35492,0.56868,0.16125,0.5,voiceWeight,<|hexagram|>09 <|phase|>past <|action|>ADAPT <|dominant|>voiceWeight <|porosity|>0.50 <|source|>baseline <|name|>Taming Power of the Small
9,present,0.7089,0.62515,0.35492,0.56868,0.16125,0.5,voiceWeight,<|hexagram|>09 <|phase|>present <|action|>ADAPT <|dominant|>voiceWeight <|porosity|>0.50 <|source|>baseline <|name|>Taming Power of the Small
9,future,0.7089,0.62515,0.35492,0.56868,0.16125,0.5,voiceWeight,<|hexagram|>09 <|phase|>future <|action|>ADAPT <|dominant|>voiceWeight <|porosity|>0.50 <|source|>baseline <|name|>Taming Power of the Small
9,transition,0.7089,0.62515,0.35492,0.56868,0.16125,0.5,voiceWeight,<|hexagram|>09 <|phase|>transition <|action|>ADAPT <|dominant|>voiceWeight <|porosity|>0.50 <|source|>baseline <|name|>Taming Power of the Small
9,resolution,0.7089,0.62515,0.35492,0.56868,0.16125,0.5,voiceWeight,<|hexagram|>09 <|phase|>resolution <|action|>ADAPT <|dominant|>voiceWeight <|porosity|>0.50 <|source|>baseline <|name|>Taming Power of the Small
9,dissolution,0.7089,0.62515,0.35492,0.56868,0.16125,0.5,voiceWeight,<|hexagram|>09 <|phase|>dissolution <|action|>ADAPT <|dominant|>voiceWeight <|porosity|>0.50 <|source|>baseline <|name|>Taming Power of the Small
9,crystallization,0.7089,0.62515,0.35492,0.56868,0.16125,0.5,voiceWeight,<|hexagram|>09 <|phase|>crystallization <|action|>ADAPT <|dominant|>voiceWeight <|porosity|>0.50 <|source|>baseline <|name|>Taming Power of the Small
9,void,0.7089,0.62515,0.35492,0.56868,0.16125,0.5,voiceWeight,<|hexagram|>09 <|phase|>void <|action|>ADAPT <|dominant|>voiceWeight <|porosity|>0.50 <|source|>baseline <|name|>Taming Power of the Small
10,past,0.85271,0.82097,0.25492,0.32875,0.26087,0.5,voiceWeight,<|hexagram|>10 <|phase|>past <|action|>ADAPT <|dominant|>voiceWeight <|porosity|>0.50 <|source|>baseline <|name|>Treading
10,present,0.85271,0.82097,0.25492,0.32875,0.26087,0.5,voiceWeight,<|hexagram|>10 <|phase|>present <|action|>ADAPT <|dominant|>voiceWeight <|porosity|>0.50 <|source|>baseline <|name|>Treading
10,future,0.85271,0.82097,0.25492,0.32875,0.26087,0.5,voiceWeight,<|hexagram|>10 <|phase|>future <|action|>ADAPT <|dominant|>voiceWeight <|porosity|>0.50 <|source|>baseline <|name|>Treading
10,transition,0.85271,0.82097,0.25492,0.32875,0.26087,0.5,voiceWeight,<|hexagram|>10 <|phase|>transition <|action|>ADAPT <|dominant|>voiceWeight <|porosity|>0.50 <|source|>baseline <|name|>Treading
10,resolution,0.85271,0.82097,0.25492,0.32875,0.26087,0.5,voiceWeight,<|hexagram|>10 <|phase|>resolution <|action|>ADAPT <|dominant|>voiceWeight <|porosity|>0.50 <|source|>baseline <|name|>Treading
10,dissolution,0.85271,0.82097,0.25492,0.32875,0.26087,0.5,voiceWeight,<|hexagram|>10 <|phase|>dissolution <|action|>ADAPT <|dominant|>voiceWeight <|porosity|>0.50 <|source|>baseline <|name|>Treading
10,crystallization,0.85271,0.82097,0.25492,0.32875,0.26087,0.5,voiceWeight,<|hexagram|>10 <|phase|>crystallization <|action|>ADAPT <|dominant|>voiceWeight <|porosity|>0.50 <|source|>baseline <|name|>Treading
10,void,0.85271,0.82097,0.25492,0.32875,0.26087,0.5,voiceWeight,<|hexagram|>10 <|phase|>void <|action|>ADAPT <|dominant|>voiceWeight <|porosity|>0.50 <|source|>baseline <|name|>Treading
11,past,0.90621,0.955,0.065,0.22368,0.0169,0.25,coherence,<|hexagram|>11 <|phase|>past <|action|>YIELD <|dominant|>coherence <|porosity|>0.25 <|source|>baseline <|name|>Peace
11,present,0.90621,0.955,0.065,0.22368,0.0169,0.25,coherence,<|hexagram|>11 <|phase|>present <|action|>YIELD <|dominant|>coherence <|porosity|>0.25 <|source|>baseline <|name|>Peace
11,future,0.90621,0.955,0.065,0.22368,0.0169,0.25,coherence,<|hexagram|>11 <|phase|>future <|action|>YIELD <|dominant|>coherence <|porosity|>0.25 <|source|>baseline <|name|>Peace
11,transition,0.90621,0.955,0.065,0.22368,0.0169,0.25,coherence,<|hexagram|>11 <|phase|>transition <|action|>YIELD <|dominant|>coherence <|porosity|>0.25 <|source|>baseline <|name|>Peace
11,resolution,0.90621,0.955,0.065,0.22368,0.0169,0.25,coherence,<|hexagram|>11 <|phase|>resolution <|action|>YIELD <|dominant|>coherence <|porosity|>0.25 <|source|>baseline <|name|>Peace
11,dissolution,0.90621,0.955,0.065,0.22368,0.0169,0.25,coherence,<|hexagram|>11 <|phase|>dissolution <|action|>YIELD <|dominant|>coherence <|porosity|>0.25 <|source|>baseline <|name|>Peace
11,crystallization,0.90621,0.955,0.065,0.22368,0.0169,0.25,coherence,<|hexagram|>11 <|phase|>crystallization <|action|>YIELD <|dominant|>coherence <|porosity|>0.25 <|source|>baseline <|name|>Peace
11,void,0.90621,0.955,0.065,0.22368,0.0169,0.25,coherence,<|hexagram|>11 <|phase|>void <|action|>YIELD <|dominant|>coherence <|porosity|>0.25 <|source|>baseline <|name|>Peace
12,past,0.8493,0.82177,0.21838,0.11273,0.311,0.5,voiceWeight,<|hexagram|>12 <|phase|>past <|action|>WAIT <|dominant|>voiceWeight <|porosity|>0.50 <|source|>baseline <|name|>Standstill
12,present,0.8493,0.82177,0.21838,0.11273,0.311,0.5,voiceWeight,<|hexagram|>12 <|phase|>present <|action|>WAIT <|dominant|>voiceWeight <|porosity|>0.50 <|source|>baseline <|name|>Standstill
12,future,0.8493,0.82177,0.21838,0.11273,0.311,0.5,voiceWeight,<|hexagram|>12 <|phase|>future <|action|>WAIT <|dominant|>voiceWeight <|porosity|>0.50 <|source|>baseline <|name|>Standstill
12,transition,0.8493,0.82177,0.21838,0.11273,0.311,0.5,voiceWeight,<|hexagram|>12 <|phase|>transition <|action|>WAIT <|dominant|>voiceWeight <|porosity|>0.50 <|source|>baseline <|name|>Standstill
12,resolution,0.8493,0.82177,0.21838,0.11273,0.311,0.5,voiceWeight,<|hexagram|>12 <|phase|>resolution <|action|>WAIT <|dominant|>voiceWeight <|porosity|>0.50 <|source|>baseline <|name|>Standstill
12,dissolution,0.8493,0.82177,0.21838,0.11273,0.311,0.5,voiceWeight,<|hexagram|>12 <|phase|>dissolution <|action|>WAIT <|dominant|>voiceWeight <|porosity|>0.50 <|source|>baseline <|name|>Standstill
12,crystallization,0.8493,0.82177,0.21838,0.11273,0.311,0.5,voiceWeight,<|hexagram|>12 <|phase|>crystallization <|action|>WAIT <|dominant|>voiceWeight <|porosity|>0.50 <|source|>baseline <|name|>Standstill
12,void,0.8493,0.82177,0.21838,0.11273,0.311,0.5,voiceWeight,<|hexagram|>12 <|phase|>void <|action|>WAIT <|dominant|>voiceWeight <|porosity|>0.50 <|source|>baseline <|name|>Standstill
13,past,0.89681,0.86104,0.23515,0.37838,0.1314,0.5,voiceWeight,<|hexagram|>13 <|phase|>past <|action|>ASSERT <|dominant|>voiceWeight <|porosity|>0.50 <|source|>baseline <|name|>Fellowship with Men
13,present,0.89681,0.86104,0.23515,0.37838,0.1314,0.5,voiceWeight,<|hexagram|>13 <|phase|>present <|action|>ASSERT <|dominant|>voiceWeight <|porosity|>0.50 <|source|>baseline <|name|>Fellowship with Men
13,future,0.89681,0.86104,0.23515,0.37838,0.1314,0.5,voiceWeight,<|hexagram|>13 <|phase|>future <|action|>ASSERT <|dominant|>voiceWeight <|porosity|>0.50 <|source|>baseline <|name|>Fellowship with Men
13,transition,0.89681,0.86104,0.23515,0.37838,0.1314,0.5,voiceWeight,<|hexagram|>13 <|phase|>transition <|action|>ASSERT <|dominant|>voiceWeight <|porosity|>0.50 <|source|>baseline <|name|>Fellowship with Men
13,resolution,0.89681,0.86104,0.23515,0.37838,0.1314,0.5,voiceWeight,<|hexagram|>13 <|phase|>resolution <|action|>ASSERT <|dominant|>voiceWeight <|porosity|>0.50 <|source|>baseline <|name|>Fellowship with Men
13,dissolution,0.89681,0.86104,0.23515,0.37838,0.1314,0.5,voiceWeight,<|hexagram|>13 <|phase|>dissolution <|action|>ASSERT <|dominant|>voiceWeight <|porosity|>0.50 <|source|>baseline <|name|>Fellowship with Men
13,crystallization,0.89681,0.86104,0.23515,0.37838,0.1314,0.5,voiceWeight,<|hexagram|>13 <|phase|>crystallization <|action|>ASSERT <|dominant|>voiceWeight <|porosity|>0.50 <|source|>baseline <|name|>Fellowship with Men
13,void,0.89681,0.86104,0.23515,0.37838,0.1314,0.5,voiceWeight,<|hexagram|>13 <|phase|>void <|action|>ASSERT <|dominant|>voiceWeight <|porosity|>0.50 <|source|>baseline <|name|>Fellowship with Men
14,past,0.93027,0.92805,0.11246,0.27368,0.05871,0.25,voiceWeight,<|hexagram|>14 <|phase|>past <|action|>ASSERT <|dominant|>voiceWeight <|porosity|>0.25 <|source|>baseline <|name|>Possession in Great Measure
14,present,0.93027,0.92805,0.11246,0.27368,0.05871,0.25,voiceWeight,<|hexagram|>14 <|phase|>present <|action|>ASSERT <|dominant|>voiceWeight <|porosity|>0.25 <|source|>baseline <|name|>Possession in Great Measure
14,future,0.93027,0.92805,0.11246,0.27368,0.05871,0.25,voiceWeight,<|hexagram|>14 <|phase|>future <|action|>ASSERT <|dominant|>voiceWeight <|porosity|>0.25 <|source|>baseline <|name|>Possession in Great Measure
14,transition,0.93027,0.92805,0.11246,0.27368,0.05871,0.25,voiceWeight,<|hexagram|>14 <|phase|>transition <|action|>ASSERT <|dominant|>voiceWeight <|porosity|>0.25 <|source|>baseline <|name|>Possession in Great Measure
14,resolution,0.93027,0.92805,0.11246,0.27368,0.05871,0.25,voiceWeight,<|hexagram|>14 <|phase|>resolution <|action|>ASSERT <|dominant|>voiceWeight <|porosity|>0.25 <|source|>baseline <|name|>Possession in Great Measure
14,dissolution,0.93027,0.92805,0.11246,0.27368,0.05871,0.25,voiceWeight,<|hexagram|>14 <|phase|>dissolution <|action|>ASSERT <|dominant|>voiceWeight <|porosity|>0.25 <|source|>baseline <|name|>Possession in Great Measure
14,crystallization,0.93027,0.92805,0.11246,0.27368,0.05871,0.25,voiceWeight,<|hexagram|>14 <|phase|>crystallization <|action|>ASSERT <|dominant|>voiceWeight <|porosity|>0.25 <|source|>baseline <|name|>Possession in Great Measure
14,void,0.93027,0.92805,0.11246,0.27368,0.05871,0.25,voiceWeight,<|hexagram|>14 <|phase|>void <|action|>ASSERT <|dominant|>voiceWeight <|porosity|>0.25 <|source|>baseline <|name|>Possession in Great Measure
15,past,0.81129,0.93602,0.11246,0.17621,0.06125,0.25,coherence,<|hexagram|>15 <|phase|>past <|action|>YIELD <|dominant|>coherence <|porosity|>0.25 <|source|>baseline <|name|>Modesty
15,present,0.81129,0.93602,0.11246,0.17621,0.06125,0.25,coherence,<|hexagram|>15 <|phase|>present <|action|>YIELD <|dominant|>coherence <|porosity|>0.25 <|source|>baseline <|name|>Modesty
15,future,0.81129,0.93602,0.11246,0.17621,0.06125,0.25,coherence,<|hexagram|>15 <|phase|>future <|action|>YIELD <|dominant|>coherence <|porosity|>0.25 <|source|>baseline <|name|>Modesty
15,transition,0.81129,0.93602,0.11246,0.17621,0.06125,0.25,coherence,<|hexagram|>15 <|phase|>transition <|action|>YIELD <|dominant|>coherence <|porosity|>0.25 <|source|>baseline <|name|>Modesty
15,resolution,0.81129,0.93602,0.11246,0.17621,0.06125,0.25,coherence,<|hexagram|>15 <|phase|>resolution <|action|>YIELD <|dominant|>coherence <|porosity|>0.25 <|source|>baseline <|name|>Modesty
15,dissolution,0.81129,0.93602,0.11246,0.17621,0.06125,0.25,coherence,<|hexagram|>15 <|phase|>dissolution <|action|>YIELD <|dominant|>coherence <|porosity|>0.25 <|source|>baseline <|name|>Modesty
15,crystallization,0.81129,0.93602,0.11246,0.17621,0.06125,0.25,coherence,<|hexagram|>15 <|phase|>crystallization <|action|>YIELD <|dominant|>coherence <|porosity|>0.25 <|source|>baseline <|name|>Modesty
15,void,0.81129,0.93602,0.11246,0.17621,0.06125,0.25,coherence,<|hexagram|>15 <|phase|>void <|action|>YIELD <|dominant|>coherence <|porosity|>0.25 <|source|>baseline <|name|>Modesty
16,past,0.79385,0.68038,0.3147,0.52815,0.08618,0.75,voiceWeight,<|hexagram|>16 <|phase|>past <|action|>ADAPT <|dominant|>voiceWeight <|porosity|>0.75 <|source|>baseline <|name|>Enthusiasm
16,present,0.79385,0.68038,0.3147,0.52815,0.08618,0.75,voiceWeight,<|hexagram|>16 <|phase|>present <|action|>ADAPT <|dominant|>voiceWeight <|porosity|>0.75 <|source|>baseline <|name|>Enthusiasm
16,future,0.79385,0.68038,0.3147,0.52815,0.08618,0.75,voiceWeight,<|hexagram|>16 <|phase|>future <|action|>ADAPT <|dominant|>voiceWeight <|porosity|>0.75 <|source|>baseline <|name|>Enthusiasm
16,transition,0.79385,0.68038,0.3147,0.52815,0.08618,0.75,voiceWeight,<|hexagram|>16 <|phase|>transition <|action|>ADAPT <|dominant|>voiceWeight <|porosity|>0.75 <|source|>baseline <|name|>Enthusiasm
16,resolution,0.79385,0.68038,0.3147,0.52815,0.08618,0.75,voiceWeight,<|hexagram|>16 <|phase|>resolution <|action|>ADAPT <|dominant|>voiceWeight <|porosity|>0.75 <|source|>baseline <|name|>Enthusiasm
16,dissolution,0.79385,0.68038,0.3147,0.52815,0.08618,0.75,voiceWeight,<|hexagram|>16 <|phase|>dissolution <|action|>ADAPT <|dominant|>voiceWeight <|porosity|>0.75 <|source|>baseline <|name|>Enthusiasm
16,crystallization,0.79385,0.68038,0.3147,0.52815,0.08618,0.75,voiceWeight,<|hexagram|>16 <|phase|>crystallization <|action|>ADAPT <|dominant|>voiceWeight <|porosity|>0.75 <|source|>baseline <|name|>Enthusiasm
16,void,0.79385,0.68038,0.3147,0.52815,0.08618,0.75,voiceWeight,<|hexagram|>16 <|phase|>void <|action|>ADAPT <|dominant|>voiceWeight <|porosity|>0.75 <|source|>baseline <|name|>Enthusiasm
17,past,0.79681,0.74127,0.28478,0.51867,0.14714,0.5,voiceWeight,<|hexagram|>17 <|phase|>past <|action|>YIELD <|dominant|>voiceWeight <|porosity|>0.50 <|source|>baseline <|name|>Following
17,present,0.79681,0.74127,0.28478,0.51867,0.14714,0.5,voiceWeight,<|hexagram|>17 <|phase|>present <|action|>YIELD <|dominant|>voiceWeight <|porosity|>0.50 <|source|>baseline <|name|>Following
17,future,0.79681,0.74127,0.28478,0.51867,0.14714,0.5,voiceWeight,<|hexagram|>17 <|phase|>future <|action|>YIELD <|dominant|>voiceWeight <|porosity|>0.50 <|source|>baseline <|name|>Following
17,transition,0.79681,0.74127,0.28478,0.51867,0.14714,0.5,voiceWeight,<|hexagram|>17 <|phase|>transition <|action|>YIELD <|dominant|>voiceWeight <|porosity|>0.50 <|source|>baseline <|name|>Following
17,resolution,0.79681,0.74127,0.28478,0.51867,0.14714,0.5,voiceWeight,<|hexagram|>17 <|phase|>resolution <|action|>YIELD <|dominant|>voiceWeight <|porosity|>0.50 <|source|>baseline <|name|>Following
17,dissolution,0.79681,0.74127,0.28478,0.51867,0.14714,0.5,voiceWeight,<|hexagram|>17 <|phase|>dissolution <|action|>YIELD <|dominant|>voiceWeight <|porosity|>0.50 <|source|>baseline <|name|>Following
17,crystallization,0.79681,0.74127,0.28478,0.51867,0.14714,0.5,voiceWeight,<|hexagram|>17 <|phase|>crystallization <|action|>YIELD <|dominant|>voiceWeight <|porosity|>0.50 <|source|>baseline <|name|>Following
17,void,0.79681,0.74127,0.28478,0.51867,0.14714,0.5,voiceWeight,<|hexagram|>17 <|phase|>void <|action|>YIELD <|dominant|>voiceWeight <|porosity|>0.50 <|source|>baseline <|name|>Following
18,past,0.5086,0.32978,0.64023,0.20367,0.56125,0.75,chaos,<|hexagram|>18 <|phase|>past <|action|>ADAPT <|dominant|>chaos <|porosity|>0.75 <|source|>baseline <|name|>Work on Decayed
18,present,0.5086,0.32978,0.64023,0.20367,0.56125,0.75,chaos,<|hexagram|>18 <|phase|>present <|action|>ADAPT <|dominant|>chaos <|porosity|>0.75 <|source|>baseline <|name|>Work on Decayed
18,future,0.5086,0.32978,0.64023,0.20367,0.56125,0.75,chaos,<|hexagram|>18 <|phase|>future <|action|>ADAPT <|dominant|>chaos <|porosity|>0.75 <|source|>baseline <|name|>Work on Decayed
18,transition,0.5086,0.32978,0.64023,0.20367,0.56125,0.75,chaos,<|hexagram|>18 <|phase|>transition <|action|>ADAPT <|dominant|>chaos <|porosity|>0.75 <|source|>baseline <|name|>Work on Decayed
18,resolution,0.5086,0.32978,0.64023,0.20367,0.56125,0.75,chaos,<|hexagram|>18 <|phase|>resolution <|action|>ADAPT <|dominant|>chaos <|porosity|>0.75 <|source|>baseline <|name|>Work on Decayed
18,dissolution,0.5086,0.32978,0.64023,0.20367,0.56125,0.75,chaos,<|hexagram|>18 <|phase|>dissolution <|action|>ADAPT <|dominant|>chaos <|porosity|>0.75 <|source|>baseline <|name|>Work on Decayed
18,crystallization,0.5086,0.32978,0.64023,0.20367,0.56125,0.75,chaos,<|hexagram|>18 <|phase|>crystallization <|action|>ADAPT <|dominant|>chaos <|porosity|>0.75 <|source|>baseline <|name|>Work on Decayed
18,void,0.5086,0.32978,0.64023,0.20367,0.56125,0.75,chaos,<|hexagram|>18 <|phase|>void <|action|>ADAPT <|dominant|>chaos <|porosity|>0.75 <|source|>baseline <|name|>Work on Decayed
19,past,0.84487,0.87515,0.14485,0.34852,0.05117,0.25,coherence,<|hexagram|>19 <|phase|>past <|action|>YIELD <|dominant|>coherence <|porosity|>0.25 <|source|>baseline <|name|>Approach
19,present,0.84487,0.87515,0.14485,0.34852,0.05117,0.25,coherence,<|hexagram|>19 <|phase|>present <|action|>YIELD <|dominant|>coherence <|porosity|>0.25 <|source|>baseline <|name|>Approach
19,future,0.84487,0.87515,0.14485,0.34852,0.05117,0.25,coherence,<|hexagram|>19 <|phase|>future <|action|>YIELD <|dominant|>coherence <|porosity|>0.25 <|source|>baseline <|name|>Approach
19,transition,0.84487,0.87515,0.14485,0.34852,0.05117,0.25,coherence,<|hexagram|>19 <|phase|>transition <|action|>YIELD <|dominant|>coherence <|porosity|>0.25 <|source|>baseline <|name|>Approach
19,resolution,0.84487,0.87515,0.14485,0.34852,0.05117,0.25,coherence,<|hexagram|>19 <|phase|>resolution <|action|>YIELD <|dominant|>coherence <|porosity|>0.25 <|source|>baseline <|name|>Approach
19,dissolution,0.84487,0.87515,0.14485,0.34852,0.05117,0.25,coherence,<|hexagram|>19 <|phase|>dissolution <|action|>YIELD <|dominant|>coherence <|porosity|>0.25 <|source|>baseline <|name|>Approach
19,crystallization,0.84487,0.87515,0.14485,0.34852,0.05117,0.25,coherence,<|hexagram|>19 <|phase|>crystallization <|action|>YIELD <|dominant|>coherence <|porosity|>0.25 <|source|>baseline <|name|>Approach
19,void,0.84487,0.87515,0.14485,0.34852,0.05117,0.25,coherence,<|hexagram|>19 <|phase|>void <|action|>YIELD <|dominant|>coherence <|porosity|>0.25 <|source|>baseline <|name|>Approach
20,past,0.76129,0.81008,0.21246,0.17621,0.20871,0.5,coherence,<|hexagram|>20 <|phase|>past <|action|>WAIT <|dominant|>coherence <|porosity|>0.50 <|source|>baseline <|name|>Contemplation
20,present,0.76129,0.81008,0.21246,0.17621,0.20871,0.5,coherence,<|hexagram|>20 <|phase|>present <|action|>WAIT <|dominant|>coherence <|porosity|>0.50 <|source|>baseline <|name|>Contemplation
20,future,0.76129,0.81008,0.21246,0.17621,0.20871,0.5,coherence,<|hexagram|>20 <|phase|>future <|action|>WAIT <|dominant|>coherence <|porosity|>0.50 <|source|>baseline <|name|>Contemplation
20,transition,0.76129,0.81008,0.21246,0.17621,0.20871,0.5,coherence,<|hexagram|>20 <|phase|>transition <|action|>WAIT <|dominant|>coherence <|porosity|>0.50 <|source|>baseline <|name|>Contemplation
20,resolution,0.76129,0.81008,0.21246,0.17621,0.20871,0.5,coherence,<|hexagram|>20 <|phase|>resolution <|action|>WAIT <|dominant|>coherence <|porosity|>0.50 <|source|>baseline <|name|>Contemplation
20,dissolution,0.76129,0.81008,0.21246,0.17621,0.20871,0.5,coherence,<|hexagram|>20 <|phase|>dissolution <|action|>WAIT <|dominant|>coherence <|porosity|>0.50 <|source|>baseline <|name|>Contemplation
20,crystallization,0.76129,0.81008,0.21246,0.17621,0.20871,0.5,coherence,<|hexagram|>20 <|phase|>crystallization <|action|>WAIT <|dominant|>coherence <|porosity|>0.50 <|source|>baseline <|name|>Contemplation
20,void,0.76129,0.81008,0.21246,0.17621,0.20871,0.5,coherence,<|hexagram|>20 <|phase|>void <|action|>WAIT <|dominant|>coherence <|porosity|>0.50 <|source|>baseline <|name|>Contemplation
21,past,0.52865,0.3448,0.71525,0.2387,0.5814,0.5,chaos,<|hexagram|>21 <|phase|>past <|action|>ASSERT <|dominant|>chaos <|porosity|>0.50 <|source|>baseline <|name|>Biting Through
21,present,0.52865,0.3448,0.71525,0.2387,0.5814,0.5,chaos,<|hexagram|>21 <|phase|>present <|action|>ASSERT <|dominant|>chaos <|porosity|>0.50 <|source|>baseline <|name|>Biting Through
21,future,0.52865,0.3448,0.71525,0.2387,0.5814,0.5,chaos,<|hexagram|>21 <|phase|>future <|action|>ASSERT <|dominant|>chaos <|porosity|>0.50 <|source|>baseline <|name|>Biting Through
21,transition,0.52865,0.3448,0.71525,0.2387,0.5814,0.5,chaos,<|hexagram|>21 <|phase|>transition <|action|>ASSERT <|dominant|>chaos <|porosity|>0.50 <|source|>baseline <|name|>Biting Through
21,resolution,0.52865,0.3448,0.71525,0.2387,0.5814,0.5,chaos,<|hexagram|>21 <|phase|>resolution <|action|>ASSERT <|dominant|>chaos <|porosity|>0.50 <|source|>baseline <|name|>Biting Through
21,dissolution,0.52865,0.3448,0.71525,0.2387,0.5814,0.5,chaos,<|hexagram|>21 <|phase|>dissolution <|action|>ASSERT <|dominant|>chaos <|porosity|>0.50 <|source|>baseline <|name|>Biting Through
21,crystallization,0.52865,0.3448,0.71525,0.2387,0.5814,0.5,chaos,<|hexagram|>21 <|phase|>crystallization <|action|>ASSERT <|dominant|>chaos <|porosity|>0.50 <|source|>baseline <|name|>Biting Through
21,void,0.52865,0.3448,0.71525,0.2387,0.5814,0.5,chaos,<|hexagram|>21 <|phase|>void <|action|>ASSERT <|dominant|>chaos <|porosity|>0.50 <|source|>baseline <|name|>Biting Through
22,past,0.75495,0.78522,0.20493,0.54815,0.11125,0.5,coherence,<|hexagram|>22 <|phase|>past <|action|>WAIT <|dominant|>coherence <|porosity|>0.50 <|source|>baseline <|name|>Grace
22,present,0.75495,0.78522,0.20493,0.54815,0.11125,0.5,coherence,<|hexagram|>22 <|phase|>present <|action|>WAIT <|dominant|>coherence <|porosity|>0.50 <|source|>baseline <|name|>Grace
22,future,0.75495,0.78522,0.20493,0.54815,0.11125,0.5,coherence,<|hexagram|>22 <|phase|>future <|action|>WAIT <|dominant|>coherence <|porosity|>0.50 <|source|>baseline <|name|>Grace
22,transition,0.75495,0.78522,0.20493,0.54815,0.11125,0.5,coherence,<|hexagram|>22 <|phase|>transition <|action|>WAIT <|dominant|>coherence <|porosity|>0.50 <|source|>baseline <|name|>Grace
22,resolution,0.75495,0.78522,0.20493,0.54815,0.11125,0.5,coherence,<|hexagram|>22 <|phase|>resolution <|action|>WAIT <|dominant|>coherence <|porosity|>0.50 <|source|>baseline <|name|>Grace
22,dissolution,0.75495,0.78522,0.20493,0.54815,0.11125,0.5,coherence,<|hexagram|>22 <|phase|>dissolution <|action|>WAIT <|dominant|>coherence <|porosity|>0.50 <|source|>baseline <|name|>Grace
22,crystallization,0.75495,0.78522,0.20493,0.54815,0.11125,0.5,coherence,<|hexagram|>22 <|phase|>crystallization <|action|>WAIT <|dominant|>coherence <|porosity|>0.50 <|source|>baseline <|name|>Grace
22,void,0.75495,0.78522,0.20493,0.54815,0.11125,0.5,coherence,<|hexagram|>22 <|phase|>void <|action|>WAIT <|dominant|>coherence <|porosity|>0.50 <|source|>baseline <|name|>Grace
23,past,0.3988,0.19505,0.615,0.1188,0.71125,0.75,darkTone,<|hexagram|>23 <|phase|>past <|action|>WAIT <|dominant|>darkTone <|porosity|>0.75 <|source|>baseline <|name|>Splitting Apart
23,present,0.3988,0.19505,0.615,0.1188,0.71125,0.75,darkTone,<|hexagram|>23 <|phase|>present <|action|>WAIT <|dominant|>darkTone <|porosity|>0.75 <|source|>baseline <|name|>Splitting Apart
23,future,0.3988,0.19505,0.615,0.1188,0.71125,0.75,darkTone,<|hexagram|>23 <|phase|>future <|action|>WAIT <|dominant|>darkTone <|porosity|>0.75 <|source|>baseline <|name|>Splitting Apart
23,transition,0.3988,0.19505,0.615,0.1188,0.71125,0.75,darkTone,<|hexagram|>23 <|phase|>transition <|action|>WAIT <|dominant|>darkTone <|porosity|>0.75 <|source|>baseline <|name|>Splitting Apart
23,resolution,0.3988,0.19505,0.615,0.1188,0.71125,0.75,darkTone,<|hexagram|>23 <|phase|>resolution <|action|>WAIT <|dominant|>darkTone <|porosity|>0.75 <|source|>baseline <|name|>Splitting Apart
23,dissolution,0.3988,0.19505,0.615,0.1188,0.71125,0.75,darkTone,<|hexagram|>23 <|phase|>dissolution <|action|>WAIT <|dominant|>darkTone <|porosity|>0.75 <|source|>baseline <|name|>Splitting Apart
23,crystallization,0.3988,0.19505,0.615,0.1188,0.71125,0.75,darkTone,<|hexagram|>23 <|phase|>crystallization <|action|>WAIT <|dominant|>darkTone <|porosity|>0.75 <|source|>baseline <|name|>Splitting Apart
23,void,0.3988,0.19505,0.615,0.1188,0.71125,0.75,darkTone,<|hexagram|>23 <|phase|>void <|action|>WAIT <|dominant|>darkTone <|porosity|>0.75 <|source|>baseline <|name|>Splitting Apart
24,past,0.81883,0.87515,0.2247,0.28845,0.10118,0.25,coherence,<|hexagram|>24 <|phase|>past <|action|>YIELD <|dominant|>coherence <|porosity|>0.25 <|source|>baseline <|name|>Return
24,present,0.81883,0.87515,0.2247,0.28845,0.10118,0.25,coherence,<|hexagram|>24 <|phase|>present <|action|>YIELD <|dominant|>coherence <|porosity|>0.25 <|source|>baseline <|name|>Return
24,future,0.81883,0.87515,0.2247,0.28845,0.10118,0.25,coherence,<|hexagram|>24 <|phase|>future <|action|>YIELD <|dominant|>coherence <|porosity|>0.25 <|source|>baseline <|name|>Return
24,transition,0.81883,0.87515,0.2247,0.28845,0.10118,0.25,coherence,<|hexagram|>24 <|phase|>transition <|action|>YIELD <|dominant|>coherence <|porosity|>0.25 <|source|>baseline <|name|>Return
24,resolution,0.81883,0.87515,0.2247,0.28845,0.10118,0.25,coherence,<|hexagram|>24 <|phase|>resolution <|action|>YIELD <|dominant|>coherence <|porosity|>0.25 <|source|>baseline <|name|>Return
24,dissolution,0.81883,0.87515,0.2247,0.28845,0.10118,0.25,coherence,<|hexagram|>24 <|phase|>dissolution <|action|>YIELD <|dominant|>coherence <|porosity|>0.25 <|source|>baseline <|name|>Return
24,crystallization,0.81883,0.87515,0.2247,0.28845,0.10118,0.25,coherence,<|hexagram|>24 <|phase|>crystallization <|action|>YIELD <|dominant|>coherence <|porosity|>0.25 <|source|>baseline <|name|>Return
24,void,0.81883,0.87515,0.2247,0.28845,0.10118,0.25,coherence,<|hexagram|>24 <|phase|>void <|action|>YIELD <|dominant|>coherence <|porosity|>0.25 <|source|>baseline <|name|>Return
25,past,0.8923,0.90906,0.20739,0.22621,0.05871,0.25,coherence,<|hexagram|>25 <|phase|>past <|action|>ASSERT <|dominant|>coherence <|porosity|>0.25 <|source|>baseline <|name|>Innocence
25,present,0.8923,0.90906,0.20739,0.22621,0.05871,0.25,coherence,<|hexagram|>25 <|phase|>present <|action|>ASSERT <|dominant|>coherence <|porosity|>0.25 <|source|>baseline <|name|>Innocence
25,future,0.8923,0.90906,0.20739,0.22621,0.05871,0.25,coherence,<|hexagram|>25 <|phase|>future <|action|>ASSERT <|dominant|>coherence <|porosity|>0.25 <|source|>baseline <|name|>Innocence
25,transition,0.8923,0.90906,0.20739,0.22621,0.05871,0.25,coherence,<|hexagram|>25 <|phase|>transition <|action|>ASSERT <|dominant|>coherence <|porosity|>0.25 <|source|>baseline <|name|>Innocence
25,resolution,0.8923,0.90906,0.20739,0.22621,0.05871,0.25,coherence,<|hexagram|>25 <|phase|>resolution <|action|>ASSERT <|dominant|>coherence <|porosity|>0.25 <|source|>baseline <|name|>Innocence
25,dissolution,0.8923,0.90906,0.20739,0.22621,0.05871,0.25,coherence,<|hexagram|>25 <|phase|>dissolution <|action|>ASSERT <|dominant|>coherence <|porosity|>0.25 <|source|>baseline <|name|>Innocence
25,crystallization,0.8923,0.90906,0.20739,0.22621,0.05871,0.25,coherence,<|hexagram|>25 <|phase|>crystallization <|action|>ASSERT <|dominant|>coherence <|porosity|>0.25 <|source|>baseline <|name|>Innocence
25,void,0.8923,0.90906,0.20739,0.22621,0.05871,0.25,coherence,<|hexagram|>25 <|phase|>void <|action|>ASSERT <|dominant|>coherence <|porosity|>0.25 <|source|>baseline <|name|>Innocence
26,past,0.90367,0.92551,0.16246,0.13129,0.15617,0.5,coherence,<|hexagram|>26 <|phase|>past <|action|>ADAPT <|dominant|>coherence <|porosity|>0.50 <|source|>baseline <|name|>Taming Power of the Great
26,present,0.90367,0.92551,0.16246,0.13129,0.15617,0.5,coherence,<|hexagram|>26 <|phase|>present <|action|>ADAPT <|dominant|>coherence <|porosity|>0.50 <|source|>baseline <|name|>Taming Power of the Great
26,future,0.90367,0.92551,0.16246,0.13129,0.15617,0.5,coherence,<|hexagram|>26 <|phase|>future <|action|>ADAPT <|dominant|>coherence <|porosity|>0.50 <|source|>baseline <|name|>Taming Power of the Great
26,transition,0.90367,0.92551,0.16246,0.13129,0.15617,0.5,coherence,<|hexagram|>26 <|phase|>transition <|action|>ADAPT <|dominant|>coherence <|porosity|>0.50 <|source|>baseline <|name|>Taming Power of the Great
26,resolution,0.90367,0.92551,0.16246,0.13129,0.15617,0.5,coherence,<|hexagram|>26 <|phase|>resolution <|action|>ADAPT <|dominant|>coherence <|porosity|>0.50 <|source|>baseline <|name|>Taming Power of the Great
26,dissolution,0.90367,0.92551,0.16246,0.13129,0.15617,0.5,coherence,<|hexagram|>26 <|phase|>dissolution <|action|>ADAPT <|dominant|>coherence <|porosity|>0.50 <|source|>baseline <|name|>Taming Power of the Great
26,crystallization,0.90367,0.92551,0.16246,0.13129,0.15617,0.5,coherence,<|hexagram|>26 <|phase|>crystallization <|action|>ADAPT <|dominant|>coherence <|porosity|>0.50 <|source|>baseline <|name|>Taming Power of the Great
26,void,0.90367,0.92551,0.16246,0.13129,0.15617,0.5,coherence,<|hexagram|>26 <|phase|>void <|action|>ADAPT <|dominant|>coherence <|porosity|>0.50 <|source|>baseline <|name|>Taming Power of the Great
27,past,0.7789,0.75538,0.26462,0.3683,0.18103,0.25,voiceWeight,<|hexagram|>27 <|phase|>past <|action|>YIELD <|dominant|>voiceWeight <|porosity|>0.25 <|source|>baseline <|name|>Corners of the Mouth
27,present,0.7789,0.75538,0.26462,0.3683,0.18103,0.25,voiceWeight,<|hexagram|>27 <|phase|>present <|action|>YIELD <|dominant|>voiceWeight <|porosity|>0.25 <|source|>baseline <|name|>Corners of the Mouth
27,future,0.7789,0.75538,0.26462,0.3683,0.18103,0.25,voiceWeight,<|hexagram|>27 <|phase|>future <|action|>YIELD <|dominant|>voiceWeight <|porosity|>0.25 <|source|>baseline <|name|>Corners of the Mouth
27,transition,0.7789,0.75538,0.26462,0.3683,0.18103,0.25,voiceWeight,<|hexagram|>27 <|phase|>transition <|action|>YIELD <|dominant|>voiceWeight <|porosity|>0.25 <|source|>baseline <|name|>Corners of the Mouth
27,resolution,0.7789,0.75538,0.26462,0.3683,0.18103,0.25,voiceWeight,<|hexagram|>27 <|phase|>resolution <|action|>YIELD <|dominant|>voiceWeight <|porosity|>0.25 <|source|>baseline <|name|>Corners of the Mouth
27,dissolution,0.7789,0.75538,0.26462,0.3683,0.18103,0.25,voiceWeight,<|hexagram|>27 <|phase|>dissolution <|action|>YIELD <|dominant|>voiceWeight <|porosity|>0.25 <|source|>baseline <|name|>Corners of the Mouth
27,crystallization,0.7789,0.75538,0.26462,0.3683,0.18103,0.25,voiceWeight,<|hexagram|>27 <|phase|>crystallization <|action|>YIELD <|dominant|>voiceWeight <|porosity|>0.25 <|source|>baseline <|name|>Corners of the Mouth
27,void,0.7789,0.75538,0.26462,0.3683,0.18103,0.25,voiceWeight,<|hexagram|>27 <|phase|>void <|action|>YIELD <|dominant|>voiceWeight <|porosity|>0.25 <|source|>baseline <|name|>Corners of the Mouth
28,past,0.4187,0.29505,0.59485,0.1387,0.64135,0.75,darkTone,<|hexagram|>28 <|phase|>past <|action|>ADAPT <|dominant|>darkTone <|porosity|>0.75 <|source|>baseline <|name|>Preponderance of the Great
28,present,0.4187,0.29505,0.59485,0.1387,0.64135,0.75,darkTone,<|hexagram|>28 <|phase|>present <|action|>ADAPT <|dominant|>darkTone <|porosity|>0.75 <|source|>baseline <|name|>Preponderance of the Great
28,future,0.4187,0.29505,0.59485,0.1387,0.64135,0.75,darkTone,<|hexagram|>28 <|phase|>future <|action|>ADAPT <|dominant|>darkTone <|porosity|>0.75 <|source|>baseline <|name|>Preponderance of the Great
28,transition,0.4187,0.29505,0.59485,0.1387,0.64135,0.75,darkTone,<|hexagram|>28 <|phase|>transition <|action|>ADAPT <|dominant|>darkTone <|porosity|>0.75 <|source|>baseline <|name|>Preponderance of the Great
28,resolution,0.4187,0.29505,0.59485,0.1387,0.64135,0.75,darkTone,<|hexagram|>28 <|phase|>resolution <|action|>ADAPT <|dominant|>darkTone <|porosity|>0.75 <|source|>baseline <|name|>Preponderance of the Great
28,dissolution,0.4187,0.29505,0.59485,0.1387,0.64135,0.75,darkTone,<|hexagram|>28 <|phase|>dissolution <|action|>ADAPT <|dominant|>darkTone <|porosity|>0.75 <|source|>baseline <|name|>Preponderance of the Great
28,crystallization,0.4187,0.29505,0.59485,0.1387,0.64135,0.75,darkTone,<|hexagram|>28 <|phase|>crystallization <|action|>ADAPT <|dominant|>darkTone <|porosity|>0.75 <|source|>baseline <|name|>Preponderance of the Great
28,void,0.4187,0.29505,0.59485,0.1387,0.64135,0.75,darkTone,<|hexagram|>28 <|phase|>void <|action|>ADAPT <|dominant|>darkTone <|porosity|>0.75 <|source|>baseline <|name|>Preponderance of the Great
29,past,0.71313,0.66545,0.36475,0.20885,0.34085,0.75,voiceWeight,<|hexagram|>29 <|phase|>past <|action|>WAIT <|dominant|>voiceWeight <|porosity|>0.75 <|source|>baseline <|name|>The Abysmal
29,present,0.71313,0.66545,0.36475,0.20885,0.34085,0.75,voiceWeight,<|hexagram|>29 <|phase|>present <|action|>WAIT <|dominant|>voiceWeight <|porosity|>0.75 <|source|>baseline <|name|>The Abysmal
29,future,0.71313,0.66545,0.36475,0.20885,0.34085,0.75,voiceWeight,<|hexagram|>29 <|phase|>future <|action|>WAIT <|dominant|>voiceWeight <|porosity|>0.75 <|source|>baseline <|name|>The Abysmal
29,transition,0.71313,0.66545,0.36475,0.20885,0.34085,0.75,voiceWeight,<|hexagram|>29 <|phase|>transition <|action|>WAIT <|dominant|>voiceWeight <|porosity|>0.75 <|source|>baseline <|name|>The Abysmal
29,resolution,0.71313,0.66545,0.36475,0.20885,0.34085,0.75,voiceWeight,<|hexagram|>29 <|phase|>resolution <|action|>WAIT <|dominant|>voiceWeight <|porosity|>0.75 <|source|>baseline <|name|>The Abysmal
29,dissolution,0.71313,0.66545,0.36475,0.20885,0.34085,0.75,voiceWeight,<|hexagram|>29 <|phase|>dissolution <|action|>WAIT <|dominant|>voiceWeight <|porosity|>0.75 <|source|>baseline <|name|>The Abysmal
29,crystallization,0.71313,0.66545,0.36475,0.20885,0.34085,0.75,voiceWeight,<|hexagram|>29 <|phase|>crystallization <|action|>WAIT <|dominant|>voiceWeight <|porosity|>0.75 <|source|>baseline <|name|>The Abysmal
29,void,0.71313,0.66545,0.36475,0.20885,0.34085,0.75,voiceWeight,<|hexagram|>29 <|phase|>void <|action|>WAIT <|dominant|>voiceWeight <|porosity|>0.75 <|source|>baseline <|name|>The Abysmal
30,past,0.77666,0.73485,0.32507,0.29928,0.2411,0.5,voiceWeight,<|hexagram|>30 <|phase|>past <|action|>ADAPT <|dominant|>voiceWeight <|porosity|>0.50 <|source|>baseline <|name|>The Clinging
30,present,0.77666,0.73485,0.32507,0.29928,0.2411,0.5,voiceWeight,<|hexagram|>30 <|phase|>present <|action|>ADAPT <|dominant|>voiceWeight <|porosity|>0.50 <|source|>baseline <|name|>The Clinging
30,future,0.77666,0.73485,0.32507,0.29928,0.2411,0.5,voiceWeight,<|hexagram|>30 <|phase|>future <|action|>ADAPT <|dominant|>voiceWeight <|porosity|>0.50 <|source|>baseline <|name|>The Clinging
30,transition,0.77666,0.73485,0.32507,0.29928,0.2411,0.5,voiceWeight,<|hexagram|>30 <|phase|>transition <|action|>ADAPT <|dominant|>voiceWeight <|porosity|>0.50 <|source|>baseline <|name|>The Clinging
30,resolution,0.77666,0.73485,0.32507,0.29928,0.2411,0.5,voiceWeight,<|hexagram|>30 <|phase|>resolution <|action|>ADAPT <|dominant|>voiceWeight <|porosity|>0.50 <|source|>baseline <|name|>The Clinging
30,dissolution,0.77666,0.73485,0.32507,0.29928,0.2411,0.5,voiceWeight,<|hexagram|>30 <|phase|>dissolution <|action|>ADAPT <|dominant|>voiceWeight <|porosity|>0.50 <|source|>baseline <|name|>The Clinging
30,crystallization,0.77666,0.73485,0.32507,0.29928,0.2411,0.5,voiceWeight,<|hexagram|>30 <|phase|>crystallization <|action|>ADAPT <|dominant|>voiceWeight <|porosity|>0.50 <|source|>baseline <|name|>The Clinging
30,void,0.77666,0.73485,0.32507,0.29928,0.2411,0.5,voiceWeight,<|hexagram|>30 <|phase|>void <|action|>ADAPT <|dominant|>voiceWeight <|porosity|>0.50 <|source|>baseline <|name|>The Clinging
31,past,0.76502,0.71545,0.30455,0.50823,0.13102,0.25,voiceWeight,<|hexagram|>31 <|phase|>past <|action|>YIELD <|dominant|>voiceWeight <|porosity|>0.25 <|source|>baseline <|name|>Influence
31,present,0.76502,0.71545,0.30455,0.50823,0.13102,0.25,voiceWeight,<|hexagram|>31 <|phase|>present <|action|>YIELD <|dominant|>voiceWeight <|porosity|>0.25 <|source|>baseline <|name|>Influence
31,future,0.76502,0.71545,0.30455,0.50823,0.13102,0.25,voiceWeight,<|hexagram|>31 <|phase|>future <|action|>YIELD <|dominant|>voiceWeight <|porosity|>0.25 <|source|>baseline <|name|>Influence
31,transition,0.76502,0.71545,0.30455,0.50823,0.13102,0.25,voiceWeight,<|hexagram|>31 <|phase|>transition <|action|>YIELD <|dominant|>voiceWeight <|porosity|>0.25 <|source|>baseline <|name|>Influence
31,resolution,0.76502,0.71545,0.30455,0.50823,0.13102,0.25,voiceWeight,<|hexagram|>31 <|phase|>resolution <|action|>YIELD <|dominant|>voiceWeight <|porosity|>0.25 <|source|>baseline <|name|>Influence
31,dissolution,0.76502,0.71545,0.30455,0.50823,0.13102,0.25,voiceWeight,<|hexagram|>31 <|phase|>dissolution <|action|>YIELD <|dominant|>voiceWeight <|porosity|>0.25 <|source|>baseline <|name|>Influence
31,crystallization,0.76502,0.71545,0.30455,0.50823,0.13102,0.25,voiceWeight,<|hexagram|>31 <|phase|>crystallization <|action|>YIELD <|dominant|>voiceWeight <|porosity|>0.25 <|source|>baseline <|name|>Influence
31,void,0.76502,0.71545,0.30455,0.50823,0.13102,0.25,voiceWeight,<|hexagram|>31 <|phase|>void <|action|>YIELD <|dominant|>voiceWeight <|porosity|>0.25 <|source|>baseline <|name|>Influence
32,past,0.85621,0.88449,0.215,0.18129,0.11023,0.5,coherence,<|hexagram|>32 <|phase|>past <|action|>WAIT <|dominant|>coherence <|porosity|>0.50 <|source|>baseline <|name|>Duration
32,present,0.85621,0.88449,0.215,0.18129,0.11023,0.5,coherence,<|hexagram|>32 <|phase|>present <|action|>WAIT <|dominant|>coherence <|porosity|>0.50 <|source|>baseline <|name|>Duration
32,future,0.85621,0.88449,0.215,0.18129,0.11023,0.5,coherence,<|hexagram|>32 <|phase|>future <|action|>WAIT <|dominant|>coherence <|porosity|>0.50 <|source|>baseline <|name|>Duration
32,transition,0.85621,0.88449,0.215,0.18129,0.11023,0.5,coherence,<|hexagram|>32 <|phase|>transition <|action|>WAIT <|dominant|>coherence <|porosity|>0.50 <|source|>baseline <|name|>Duration
32,resolution,0.85621,0.88449,0.215,0.18129,0.11023,0.5,coherence,<|hexagram|>32 <|phase|>resolution <|action|>WAIT <|dominant|>coherence <|porosity|>0.50 <|source|>baseline <|name|>Duration
32,dissolution,0.85621,0.88449,0.215,0.18129,0.11023,0.5,coherence,<|hexagram|>32 <|phase|>dissolution <|action|>WAIT <|dominant|>coherence <|porosity|>0.50 <|source|>baseline <|name|>Duration
32,crystallization,0.85621,0.88449,0.215,0.18129,0.11023,0.5,coherence,<|hexagram|>32 <|phase|>crystallization <|action|>WAIT <|dominant|>coherence <|porosity|>0.50 <|source|>baseline <|name|>Duration
32,void,0.85621,0.88449,0.215,0.18129,0.11023,0.5,coherence,<|hexagram|>32 <|phase|>void <|action|>WAIT <|dominant|>coherence <|porosity|>0.50 <|source|>baseline <|name|>Duration
33,past,0.73898,0.83523,0.2247,0.12875,0.26087,0.5,coherence,<|hexagram|>33 <|phase|>past <|action|>YIELD <|dominant|>coherence <|porosity|>0.50 <|source|>baseline <|name|>Retreat
33,present,0.73898,0.83523,0.2247,0.12875,0.26087,0.5,coherence,<|hexagram|>33 <|phase|>present <|action|>YIELD <|dominant|>coherence <|porosity|>0.50 <|source|>baseline <|name|>Retreat
33,future,0.73898,0.83523,0.2247,0.12875,0.26087,0.5,coherence,<|hexagram|>33 <|phase|>future <|action|>YIELD <|dominant|>coherence <|porosity|>0.50 <|source|>baseline <|name|>Retreat
33,transition,0.73898,0.83523,0.2247,0.12875,0.26087,0.5,coherence,<|hexagram|>33 <|phase|>transition <|action|>YIELD <|dominant|>coherence <|porosity|>0.50 <|source|>baseline <|name|>Retreat
33,resolution,0.73898,0.83523,0.2247,0.12875,0.26087,0.5,coherence,<|hexagram|>33 <|phase|>resolution <|action|>YIELD <|dominant|>coherence <|porosity|>0.50 <|source|>baseline <|name|>Retreat
33,dissolution,0.73898,0.83523,0.2247,0.12875,0.26087,0.5,coherence,<|hexagram|>33 <|phase|>dissolution <|action|>YIELD <|dominant|>coherence <|porosity|>0.50 <|source|>baseline <|name|>Retreat
33,crystallization,0.73898,0.83523,0.2247,0.12875,0.26087,0.5,coherence,<|hexagram|>33 <|phase|>crystallization <|action|>YIELD <|dominant|>coherence <|porosity|>0.50 <|source|>baseline <|name|>Retreat
33,void,0.73898,0.83523,0.2247,0.12875,0.26087,0.5,coherence,<|hexagram|>33 <|phase|>void <|action|>YIELD <|dominant|>coherence <|porosity|>0.50 <|source|>baseline <|name|>Retreat
34,past,0.93382,0.92019,0.18963,0.20367,0.11095,0.25,voiceWeight,<|hexagram|>34 <|phase|>past <|action|>ASSERT <|dominant|>voiceWeight <|porosity|>0.25 <|source|>baseline <|name|>Power of the Great
34,present,0.93382,0.92019,0.18963,0.20367,0.11095,0.25,voiceWeight,<|hexagram|>34 <|phase|>present <|action|>ASSERT <|dominant|>voiceWeight <|porosity|>0.25 <|source|>baseline <|name|>Power of the Great
34,future,0.93382,0.92019,0.18963,0.20367,0.11095,0.25,voiceWeight,<|hexagram|>34 <|phase|>future <|action|>ASSERT <|dominant|>voiceWeight <|porosity|>0.25 <|source|>baseline <|name|>Power of the Great
34,transition,0.93382,0.92019,0.18963,0.20367,0.11095,0.25,voiceWeight,<|hexagram|>34 <|phase|>transition <|action|>ASSERT <|dominant|>voiceWeight <|porosity|>0.25 <|source|>baseline <|name|>Power of the Great
34,resolution,0.93382,0.92019,0.18963,0.20367,0.11095,0.25,voiceWeight,<|hexagram|>34 <|phase|>resolution <|action|>ASSERT <|dominant|>voiceWeight <|porosity|>0.25 <|source|>baseline <|name|>Power of the Great
34,dissolution,0.93382,0.92019,0.18963,0.20367,0.11095,0.25,voiceWeight,<|hexagram|>34 <|phase|>dissolution <|action|>ASSERT <|dominant|>voiceWeight <|porosity|>0.25 <|source|>baseline <|name|>Power of the Great
34,crystallization,0.93382,0.92019,0.18963,0.20367,0.11095,0.25,voiceWeight,<|hexagram|>34 <|phase|>crystallization <|action|>ASSERT <|dominant|>voiceWeight <|porosity|>0.25 <|source|>baseline <|name|>Power of the Great
34,void,0.93382,0.92019,0.18963,0.20367,0.11095,0.25,voiceWeight,<|hexagram|>34 <|phase|>void <|action|>ASSERT <|dominant|>voiceWeight <|porosity|>0.25 <|source|>baseline <|name|>Power of the Great
35,past,0.82875,0.81508,0.20493,0.33882,0.06125,0.5,voiceWeight,<|hexagram|>35 <|phase|>past <|action|>ADAPT <|dominant|>voiceWeight <|porosity|>0.50 <|source|>baseline <|name|>Progress
35,present,0.82875,0.81508,0.20493,0.33882,0.06125,0.5,voiceWeight,<|hexagram|>35 <|phase|>present <|action|>ADAPT <|dominant|>voiceWeight <|porosity|>0.50 <|source|>baseline <|name|>Progress
35,future,0.82875,0.81508,0.20493,0.33882,0.06125,0.5,voiceWeight,<|hexagram|>35 <|phase|>future <|action|>ADAPT <|dominant|>voiceWeight <|porosity|>0.50 <|source|>baseline <|name|>Progress
35,transition,0.82875,0.81508,0.20493,0.33882,0.06125,0.5,voiceWeight,<|hexagram|>35 <|phase|>transition <|action|>ADAPT <|dominant|>voiceWeight <|porosity|>0.50 <|source|>baseline <|name|>Progress
35,resolution,0.82875,0.81508,0.20493,0.33882,0.06125,0.5,voiceWeight,<|hexagram|>35 <|phase|>resolution <|action|>ADAPT <|dominant|>voiceWeight <|porosity|>0.50 <|source|>baseline <|name|>Progress
35,dissolution,0.82875,0.81508,0.20493,0.33882,0.06125,0.5,voiceWeight,<|hexagram|>35 <|phase|>dissolution <|action|>ADAPT <|dominant|>voiceWeight <|porosity|>0.50 <|source|>baseline <|name|>Progress
35,crystallization,0.82875,0.81508,0.20493,0.33882,0.06125,0.5,voiceWeight,<|hexagram|>35 <|phase|>crystallization <|action|>ADAPT <|dominant|>voiceWeight <|porosity|>0.50 <|source|>baseline <|name|>Progress
35,void,0.82875,0.81508,0.20493,0.33882,0.06125,0.5,voiceWeight,<|hexagram|>35 <|phase|>void <|action|>ADAPT <|dominant|>voiceWeight <|porosity|>0.50 <|source|>baseline <|name|>Progress
36,past,0.4488,0.24505,0.6951,0.1688,0.5911,0.75,chaos,<|hexagram|>36 <|phase|>past <|action|>WAIT <|dominant|>chaos <|porosity|>0.75 <|source|>baseline <|name|>Darkening of the Light
36,present,0.4488,0.24505,0.6951,0.1688,0.5911,0.75,chaos,<|hexagram|>36 <|phase|>present <|action|>WAIT <|dominant|>chaos <|porosity|>0.75 <|source|>baseline <|name|>Darkening of the Light
36,future,0.4488,0.24505,0.6951,0.1688,0.5911,0.75,chaos,<|hexagram|>36 <|phase|>future <|action|>WAIT <|dominant|>chaos <|porosity|>0.75 <|source|>baseline <|name|>Darkening of the Light
36,transition,0.4488,0.24505,0.6951,0.1688,0.5911,0.75,chaos,<|hexagram|>36 <|phase|>transition <|action|>WAIT <|dominant|>chaos <|porosity|>0.75 <|source|>baseline <|name|>Darkening of the Light
36,resolution,0.4488,0.24505,0.6951,0.1688,0.5911,0.75,chaos,<|hexagram|>36 <|phase|>resolution <|action|>WAIT <|dominant|>chaos <|porosity|>0.75 <|source|>baseline <|name|>Darkening of the Light
36,dissolution,0.4488,0.24505,0.6951,0.1688,0.5911,0.75,chaos,<|hexagram|>36 <|phase|>dissolution <|action|>WAIT <|dominant|>chaos <|porosity|>0.75 <|source|>baseline <|name|>Darkening of the Light
36,crystallization,0.4488,0.24505,0.6951,0.1688,0.5911,0.75,chaos,<|hexagram|>36 <|phase|>crystallization <|action|>WAIT <|dominant|>chaos <|porosity|>0.75 <|source|>baseline <|name|>Darkening of the Light
36,void,0.4488,0.24505,0.6951,0.1688,0.5911,0.75,chaos,<|hexagram|>36 <|phase|>void <|action|>WAIT <|dominant|>chaos <|porosity|>0.75 <|source|>baseline <|name|>Darkening of the Light
37,past,0.80977,0.885,0.165,0.33636,0.06277,0.25,coherence,<|hexagram|>37 <|phase|>past <|action|>YIELD <|dominant|>coherence <|porosity|>0.25 <|source|>baseline <|name|>The Family
37,present,0.80977,0.885,0.165,0.33636,0.06277,0.25,coherence,<|hexagram|>37 <|phase|>present <|action|>YIELD <|dominant|>coherence <|porosity|>0.25 <|source|>baseline <|name|>The Family
37,future,0.80977,0.885,0.165,0.33636,0.06277,0.25,coherence,<|hexagram|>37 <|phase|>future <|action|>YIELD <|dominant|>coherence <|porosity|>0.25 <|source|>baseline <|name|>The Family
37,transition,0.80977,0.885,0.165,0.33636,0.06277,0.25,coherence,<|hexagram|>37 <|phase|>transition <|action|>YIELD <|dominant|>coherence <|porosity|>0.25 <|source|>baseline <|name|>The Family
37,resolution,0.80977,0.885,0.165,0.33636,0.06277,0.25,coherence,<|hexagram|>37 <|phase|>resolution <|action|>YIELD <|dominant|>coherence <|porosity|>0.25 <|source|>baseline <|name|>The Family
37,dissolution,0.80977,0.885,0.165,0.33636,0.06277,0.25,coherence,<|hexagram|>37 <|phase|>dissolution <|action|>YIELD <|dominant|>coherence <|porosity|>0.25 <|source|>baseline <|name|>The Family
37,crystallization,0.80977,0.885,0.165,0.33636,0.06277,0.25,coherence,<|hexagram|>37 <|phase|>crystallization <|action|>YIELD <|dominant|>coherence <|porosity|>0.25 <|source|>baseline <|name|>The Family
37,void,0.80977,0.885,0.165,0.33636,0.06277,0.25,coherence,<|hexagram|>37 <|phase|>void <|action|>YIELD <|dominant|>coherence <|porosity|>0.25 <|source|>baseline <|name|>The Family
38,past,0.50875,0.31495,0.7451,0.2387,0.59135,0.75,chaos,<|hexagram|>38 <|phase|>past <|action|>ADAPT <|dominant|>chaos <|porosity|>0.75 <|source|>baseline <|name|>Opposition
38,present,0.50875,0.31495,0.7451,0.2387,0.59135,0.75,chaos,<|hexagram|>38 <|phase|>present <|action|>ADAPT <|dominant|>chaos <|porosity|>0.75 <|source|>baseline <|name|>Opposition
38,future,0.50875,0.31495,0.7451,0.2387,0.59135,0.75,chaos,<|hexagram|>38 <|phase|>future <|action|>ADAPT <|dominant|>chaos <|porosity|>0.75 <|source|>baseline <|name|>Opposition
38,transition,0.50875,0.31495,0.7451,0.2387,0.59135,0.75,chaos,<|hexagram|>38 <|phase|>transition <|action|>ADAPT <|dominant|>chaos <|porosity|>0.75 <|source|>baseline <|name|>Opposition
38,resolution,0.50875,0.31495,0.7451,0.2387,0.59135,0.75,chaos,<|hexagram|>38 <|phase|>resolution <|action|>ADAPT <|dominant|>chaos <|porosity|>0.75 <|source|>baseline <|name|>Opposition
38,dissolution,0.50875,0.31495,0.7451,0.2387,0.59135,0.75,chaos,<|hexagram|>38 <|phase|>dissolution <|action|>ADAPT <|dominant|>chaos <|porosity|>0.75 <|source|>baseline <|name|>Opposition
38,crystallization,0.50875,0.31495,0.7451,0.2387,0.59135,0.75,chaos,<|hexagram|>38 <|phase|>crystallization <|action|>ADAPT <|dominant|>chaos <|porosity|>0.75 <|source|>baseline <|name|>Opposition
38,void,0.50875,0.31495,0.7451,0.2387,0.59135,0.75,chaos,<|hexagram|>38 <|phase|>void <|action|>ADAPT <|dominant|>chaos <|porosity|>0.75 <|source|>baseline <|name|>Opposition
39,past,0.48353,0.35485,0.565,0.15368,0.56155,0.75,chaos,<|hexagram|>39 <|phase|>past <|action|>WAIT <|dominant|>chaos <|porosity|>0.75 <|source|>baseline <|name|>Obstruction
39,present,0.48353,0.35485,0.565,0.15368,0.56155,0.75,chaos,<|hexagram|>39 <|phase|>present <|action|>WAIT <|dominant|>chaos <|porosity|>0.75 <|source|>baseline <|name|>Obstruction
39,future,0.48353,0.35485,0.565,0.15368,0.56155,0.75,chaos,<|hexagram|>39 <|phase|>future <|action|>WAIT <|dominant|>chaos <|porosity|>0.75 <|source|>baseline <|name|>Obstruction
39,transition,0.48353,0.35485,0.565,0.15368,0.56155,0.75,chaos,<|hexagram|>39 <|phase|>transition <|action|>WAIT <|dominant|>chaos <|porosity|>0.75 <|source|>baseline <|name|>Obstruction
39,resolution,0.48353,0.35485,0.565,0.15368,0.56155,0.75,chaos,<|hexagram|>39 <|phase|>resolution <|action|>WAIT <|dominant|>chaos <|porosity|>0.75 <|source|>baseline <|name|>Obstruction
39,dissolution,0.48353,0.35485,0.565,0.15368,0.56155,0.75,chaos,<|hexagram|>39 <|phase|>dissolution <|action|>WAIT <|dominant|>chaos <|porosity|>0.75 <|source|>baseline <|name|>Obstruction
39,crystallization,0.48353,0.35485,0.565,0.15368,0.56155,0.75,chaos,<|hexagram|>39 <|phase|>crystallization <|action|>WAIT <|dominant|>chaos <|porosity|>0.75 <|source|>baseline <|name|>Obstruction
39,void,0.48353,0.35485,0.565,0.15368,0.56155,0.75,chaos,<|hexagram|>39 <|phase|>void <|action|>WAIT <|dominant|>chaos <|porosity|>0.75 <|source|>baseline <|name|>Obstruction
40,past,0.7589,0.73037,0.33978,0.40353,0.1611,0.5,voiceWeight,<|hexagram|>40 <|phase|>past <|action|>ADAPT <|dominant|>voiceWeight <|porosity|>0.50 <|source|>baseline <|name|>Deliverance
40,present,0.7589,0.73037,0.33978,0.40353,0.1611,0.5,voiceWeight,<|hexagram|>40 <|phase|>present <|action|>ADAPT <|dominant|>voiceWeight <|porosity|>0.50 <|source|>baseline <|name|>Deliverance
40,future,0.7589,0.73037,0.33978,0.40353,0.1611,0.5,voiceWeight,<|hexagram|>40 <|phase|>future <|action|>ADAPT <|dominant|>voiceWeight <|porosity|>0.50 <|source|>baseline <|name|>Deliverance
40,transition,0.7589,0.73037,0.33978,0.40353,0.1611,0.5,voiceWeight,<|hexagram|>40 <|phase|>transition <|action|>ADAPT <|dominant|>voiceWeight <|porosity|>0.50 <|source|>baseline <|name|>Deliverance
40,resolution,0.7589,0.73037,0.33978,0.40353,0.1611,0.5,voiceWeight,<|hexagram|>40 <|phase|>resolution <|action|>ADAPT <|dominant|>voiceWeight <|porosity|>0.50 <|source|>baseline <|name|>Deliverance
40,dissolution,0.7589,0.73037,0.33978,0.40353,0.1611,0.5,voiceWeight,<|hexagram|>40 <|phase|>dissolution <|action|>ADAPT <|dominant|>voiceWeight <|porosity|>0.50 <|source|>baseline <|name|>Deliverance
40,crystallization,0.7589,0.73037,0.33978,0.40353,0.1611,0.5,voiceWeight,<|hexagram|>40 <|phase|>crystallization <|action|>ADAPT <|dominant|>voiceWeight <|porosity|>0.50 <|source|>baseline <|name|>Deliverance
40,void,0.7589,0.73037,0.33978,0.40353,0.1611,0.5,voiceWeight,<|hexagram|>40 <|phase|>void <|action|>ADAPT <|dominant|>voiceWeight <|porosity|>0.50 <|source|>baseline <|name|>Deliverance
41,past,0.7923,0.86008,0.20739,0.22368,0.10871,0.25,coherence,<|hexagram|>41 <|phase|>past <|action|>YIELD <|dominant|>coherence <|porosity|>0.25 <|source|>baseline <|name|>Decrease
41,present,0.7923,0.86008,0.20739,0.22368,0.10871,0.25,coherence,<|hexagram|>41 <|phase|>present <|action|>YIELD <|dominant|>coherence <|porosity|>0.25 <|source|>baseline <|name|>Decrease
41,future,0.7923,0.86008,0.20739,0.22368,0.10871,0.25,coherence,<|hexagram|>41 <|phase|>future <|action|>YIELD <|dominant|>coherence <|porosity|>0.25 <|source|>baseline <|name|>Decrease
41,transition,0.7923,0.86008,0.20739,0.22368,0.10871,0.25,coherence,<|hexagram|>41 <|phase|>transition <|action|>YIELD <|dominant|>coherence <|porosity|>0.25 <|source|>baseline <|name|>Decrease
41,resolution,0.7923,0.86008,0.20739,0.22368,0.10871,0.25,coherence,<|hexagram|>41 <|phase|>resolution <|action|>YIELD <|dominant|>coherence <|porosity|>0.25 <|source|>baseline <|name|>Decrease
41,dissolution,0.7923,0.86008,0.20739,0.22368,0.10871,0.25,coherence,<|hexagram|>41 <|phase|>dissolution <|action|>YIELD <|dominant|>coherence <|porosity|>0.25 <|source|>baseline <|name|>Decrease
41,crystallization,0.7923,0.86008,0.20739,0.22368,0.10871,0.25,coherence,<|hexagram|>41 <|phase|>crystallization <|action|>YIELD <|dominant|>coherence <|porosity|>0.25 <|source|>baseline <|name|>Decrease
41,void,0.7923,0.86008,0.20739,0.22368,0.10871,0.25,coherence,<|hexagram|>41 <|phase|>void <|action|>YIELD <|dominant|>coherence <|porosity|>0.25 <|source|>baseline <|name|>Decrease
42,past,0.85271,0.82097,0.25492,0.36867,0.06125,0.25,voiceWeight,<|hexagram|>42 <|phase|>past <|action|>ASSERT <|dominant|>voiceWeight <|porosity|>0.25 <|source|>baseline <|name|>Increase
42,present,0.85271,0.82097,0.25492,0.36867,0.06125,0.25,voiceWeight,<|hexagram|>42 <|phase|>present <|action|>ASSERT <|dominant|>voiceWeight <|porosity|>0.25 <|source|>baseline <|name|>Increase
42,future,0.85271,0.82097,0.25492,0.36867,0.06125,0.25,voiceWeight,<|hexagram|>42 <|phase|>future <|action|>ASSERT <|dominant|>voiceWeight <|porosity|>0.25 <|source|>baseline <|name|>Increase
42,transition,0.85271,0.82097,0.25492,0.36867,0.06125,0.25,voiceWeight,<|hexagram|>42 <|phase|>transition <|action|>ASSERT <|dominant|>voiceWeight <|porosity|>0.25 <|source|>baseline <|name|>Increase
42,resolution,0.85271,0.82097,0.25492,0.36867,0.06125,0.25,voiceWeight,<|hexagram|>42 <|phase|>resolution <|action|>ASSERT <|dominant|>voiceWeight <|porosity|>0.25 <|source|>baseline <|name|>Increase
42,dissolution,0.85271,0.82097,0.25492,0.36867,0.06125,0.25,voiceWeight,<|hexagram|>42 <|phase|>dissolution <|action|>ASSERT <|dominant|>voiceWeight <|porosity|>0.25 <|source|>baseline <|name|>Increase
42,crystallization,0.85271,0.82097,0.25492,0.36867,0.06125,0.25,voiceWeight,<|hexagram|>42 <|phase|>crystallization <|action|>ASSERT <|dominant|>voiceWeight <|porosity|>0.25 <|source|>baseline <|name|>Increase
42,void,0.85271,0.82097,0.25492,0.36867,0.06125,0.25,voiceWeight,<|hexagram|>42 <|phase|>void <|action|>ASSERT <|dominant|>voiceWeight <|porosity|>0.25 <|source|>baseline <|name|>Increase
43,past,0.93027,0.89008,0.30231,0.17875,0.2011,0.25,voiceWeight,<|hexagram|>43 <|phase|>past <|action|>ASSERT <|dominant|>voiceWeight <|porosity|>0.25 <|source|>baseline <|name|>Breakthrough
43,present,0.93027,0.89008,0.30231,0.17875,0.2011,0.25,voiceWeight,<|hexagram|>43 <|phase|>present <|action|>ASSERT <|dominant|>voiceWeight <|porosity|>0.25 <|source|>baseline <|name|>Breakthrough
43,future,0.93027,0.89008,0.30231,0.17875,0.2011,0.25,voiceWeight,<|hexagram|>43 <|phase|>future <|action|>ASSERT <|dominant|>voiceWeight <|porosity|>0.25 <|source|>baseline <|name|>Breakthrough
43,transition,0.93027,0.89008,0.30231,0.17875,0.2011,0.25,voiceWeight,<|hexagram|>43 <|phase|>transition <|action|>ASSERT <|dominant|>voiceWeight <|porosity|>0.25 <|source|>baseline <|name|>Breakthrough
43,resolution,0.93027,0.89008,0.30231,0.17875,0.2011,0.25,voiceWeight,<|hexagram|>43 <|phase|>resolution <|action|>ASSERT <|dominant|>voiceWeight <|porosity|>0.25 <|source|>baseline <|name|>Breakthrough
43,dissolution,0.93027,0.89008,0.30231,0.17875,0.2011,0.25,voiceWeight,<|hexagram|>43 <|phase|>dissolution <|action|>ASSERT <|dominant|>voiceWeight <|porosity|>0.25 <|source|>baseline <|name|>Breakthrough
43,crystallization,0.93027,0.89008,0.30231,0.17875,0.2011,0.25,voiceWeight,<|hexagram|>43 <|phase|>crystallization <|action|>ASSERT <|dominant|>voiceWeight <|porosity|>0.25 <|source|>baseline <|name|>Breakthrough
43,void,0.93027,0.89008,0.30231,0.17875,0.2011,0.25,voiceWeight,<|hexagram|>43 <|phase|>void <|action|>ASSERT <|dominant|>voiceWeight <|porosity|>0.25 <|source|>baseline <|name|>Breakthrough
44,past,0.53368,0.40485,0.59022,0.25383,0.4614,0.5,chaos,<|hexagram|>44 <|phase|>past <|action|>WAIT <|dominant|>chaos <|porosity|>0.50 <|source|>baseline <|name|>Coming to Meet
44,present,0.53368,0.40485,0.59022,0.25383,0.4614,0.5,chaos,<|hexagram|>44 <|phase|>present <|action|>WAIT <|dominant|>chaos <|porosity|>0.50 <|source|>baseline <|name|>Coming to Meet
44,future,0.53368,0.40485,0.59022,0.25383,0.4614,0.5,chaos,<|hexagram|>44 <|phase|>future <|action|>WAIT <|dominant|>chaos <|porosity|>0.50 <|source|>baseline <|name|>Coming to Meet
44,transition,0.53368,0.40485,0.59022,0.25383,0.4614,0.5,chaos,<|hexagram|>44 <|phase|>transition <|action|>WAIT <|dominant|>chaos <|porosity|>0.50 <|source|>baseline <|name|>Coming to Meet
44,resolution,0.53368,0.40485,0.59022,0.25383,0.4614,0.5,chaos,<|hexagram|>44 <|phase|>resolution <|action|>WAIT <|dominant|>chaos <|porosity|>0.50 <|source|>baseline <|name|>Coming to Meet
44,dissolution,0.53368,0.40485,0.59022,0.25383,0.4614,0.5,chaos,<|hexagram|>44 <|phase|>dissolution <|action|>WAIT <|dominant|>chaos <|porosity|>0.50 <|source|>baseline <|name|>Coming to Meet
44,crystallization,0.53368,0.40485,0.59022,0.25383,0.4614,0.5,chaos,<|hexagram|>44 <|phase|>crystallization <|action|>WAIT <|dominant|>chaos <|porosity|>0.50 <|source|>baseline <|name|>Coming to Meet
44,void,0.53368,0.40485,0.59022,0.25383,0.4614,0.5,chaos,<|hexagram|>44 <|phase|>void <|action|>WAIT <|dominant|>chaos <|porosity|>0.50 <|source|>baseline <|name|>Coming to Meet
45,past,0.8289,0.83523,0.18478,0.38845,0.05117,0.25,coherence,<|hexagram|>45 <|phase|>past <|action|>YIELD <|dominant|>coherence <|porosity|>0.25 <|source|>baseline <|name|>Gathering Together
45,present,0.8289,0.83523,0.18478,0.38845,0.05117,0.25,coherence,<|hexagram|>45 <|phase|>present <|action|>YIELD <|dominant|>coherence <|porosity|>0.25 <|source|>baseline <|name|>Gathering Together
45,future,0.8289,0.83523,0.18478,0.38845,0.05117,0.25,coherence,<|hexagram|>45 <|phase|>future <|action|>YIELD <|dominant|>coherence <|porosity|>0.25 <|source|>baseline <|name|>Gathering Together
45,transition,0.8289,0.83523,0.18478,0.38845,0.05117,0.25,coherence,<|hexagram|>45 <|phase|>transition <|action|>YIELD <|dominant|>coherence <|porosity|>0.25 <|source|>baseline <|name|>Gathering Together
45,resolution,0.8289,0.83523,0.18478,0.38845,0.05117,0.25,coherence,<|hexagram|>45 <|phase|>resolution <|action|>YIELD <|dominant|>coherence <|porosity|>0.25 <|source|>baseline <|name|>Gathering Together
45,dissolution,0.8289,0.83523,0.18478,0.38845,0.05117,0.25,coherence,<|hexagram|>45 <|phase|>dissolution <|action|>YIELD <|dominant|>coherence <|porosity|>0.25 <|source|>baseline <|name|>Gathering Together
45,crystallization,0.8289,0.83523,0.18478,0.38845,0.05117,0.25,coherence,<|hexagram|>45 <|phase|>crystallization <|action|>YIELD <|dominant|>coherence <|porosity|>0.25 <|source|>baseline <|name|>Gathering Together
45,void,0.8289,0.83523,0.18478,0.38845,0.05117,0.25,coherence,<|hexagram|>45 <|phase|>void <|action|>YIELD <|dominant|>coherence <|porosity|>0.25 <|source|>baseline <|name|>Gathering Together
46,past,0.82875,0.82097,0.25492,0.32875,0.06125,0.5,voiceWeight,<|hexagram|>46 <|phase|>past <|action|>ADAPT <|dominant|>voiceWeight <|porosity|>0.50 <|source|>baseline <|name|>Pushing Upward
46,present,0.82875,0.82097,0.25492,0.32875,0.06125,0.5,voiceWeight,<|hexagram|>46 <|phase|>present <|action|>ADAPT <|dominant|>voiceWeight <|porosity|>0.50 <|source|>baseline <|name|>Pushing Upward
46,future,0.82875,0.82097,0.25492,0.32875,0.06125,0.5,voiceWeight,<|hexagram|>46 <|phase|>future <|action|>ADAPT <|dominant|>voiceWeight <|porosity|>0.50 <|source|>baseline <|name|>Pushing Upward
46,transition,0.82875,0.82097,0.25492,0.32875,0.06125,0.5,voiceWeight,<|hexagram|>46 <|phase|>transition <|action|>ADAPT <|dominant|>voiceWeight <|porosity|>0.50 <|source|>baseline <|name|>Pushing Upward
46,resolution,0.82875,0.82097,0.25492,0.32875,0.06125,0.5,voiceWeight,<|hexagram|>46 <|phase|>resolution <|action|>ADAPT <|dominant|>voiceWeight <|porosity|>0.50 <|source|>baseline <|name|>Pushing Upward
46,dissolution,0.82875,0.82097,0.25492,0.32875,0.06125,0.5,voiceWeight,<|hexagram|>46 <|phase|>dissolution <|action|>ADAPT <|dominant|>voiceWeight <|porosity|>0.50 <|source|>baseline <|name|>Pushing Upward
46,crystallization,0.82875,0.82097,0.25492,0.32875,0.06125,0.5,voiceWeight,<|hexagram|>46 <|phase|>crystallization <|action|>ADAPT <|dominant|>voiceWeight <|porosity|>0.50 <|source|>baseline <|name|>Pushing Upward
46,void,0.82875,0.82097,0.25492,0.32875,0.06125,0.5,voiceWeight,<|hexagram|>46 <|phase|>void <|action|>ADAPT <|dominant|>voiceWeight <|porosity|>0.50 <|source|>baseline <|name|>Pushing Upward
47,past,0.40875,0.2851,0.59485,0.1188,0.6513,0.75,darkTone,<|hexagram|>47 <|phase|>past <|action|>WAIT <|dominant|>darkTone <|porosity|>0.75 <|source|>baseline <|name|>Oppression
47,present,0.40875,0.2851,0.59485,0.1188,0.6513,0.75,darkTone,<|hexagram|>47 <|phase|>present <|action|>WAIT <|dominant|>darkTone <|porosity|>0.75 <|source|>baseline <|name|>Oppression
47,future,0.40875,0.2851,0.59485,0.1188,0.6513,0.75,darkTone,<|hexagram|>47 <|phase|>future <|action|>WAIT <|dominant|>darkTone <|porosity|>0.75 <|source|>baseline <|name|>Oppression
47,transition,0.40875,0.2851,0.59485,0.1188,0.6513,0.75,darkTone,<|hexagram|>47 <|phase|>transition <|action|>WAIT <|dominant|>darkTone <|porosity|>0.75 <|source|>baseline <|name|>Oppression
47,resolution,0.40875,0.2851,0.59485,0.1188,0.6513,0.75,darkTone,<|hexagram|>47 <|phase|>resolution <|action|>WAIT <|dominant|>darkTone <|porosity|>0.75 <|source|>baseline <|name|>Oppression
47,dissolution,0.40875,0.2851,0.59485,0.1188,0.6513,0.75,darkTone,<|hexagram|>47 <|phase|>dissolution <|action|>WAIT <|dominant|>darkTone <|porosity|>0.75 <|source|>baseline <|name|>Oppression
47,crystallization,0.40875,0.2851,0.59485,0.1188,0.6513,0.75,darkTone,<|hexagram|>47 <|phase|>crystallization <|action|>WAIT <|dominant|>darkTone <|porosity|>0.75 <|source|>baseline <|name|>Oppression
47,void,0.40875,0.2851,0.59485,0.1188,0.6513,0.75,darkTone,<|hexagram|>47 <|phase|>void <|action|>WAIT <|dominant|>darkTone <|porosity|>0.75 <|source|>baseline <|name|>Oppression
48,past,0.81129,0.85754,0.21246,0.27621,0.15871,0.5,coherence,<|hexagram|>48 <|phase|>past <|action|>YIELD <|dominant|>coherence <|porosity|>0.50 <|source|>baseline <|name|>The Well
48,present,0.81129,0.85754,0.21246,0.27621,0.15871,0.5,coherence,<|hexagram|>48 <|phase|>present <|action|>YIELD <|dominant|>coherence <|porosity|>0.50 <|source|>baseline <|name|>The Well
48,future,0.81129,0.85754,0.21246,0.27621,0.15871,0.5,coherence,<|hexagram|>48 <|phase|>future <|action|>YIELD <|dominant|>coherence <|porosity|>0.50 <|source|>baseline <|name|>The Well
48,transition,0.81129,0.85754,0.21246,0.27621,0.15871,0.5,coherence,<|hexagram|>48 <|phase|>transition <|action|>YIELD <|dominant|>coherence <|porosity|>0.50 <|source|>baseline <|name|>The Well
48,resolution,0.81129,0.85754,0.21246,0.27621,0.15871,0.5,coherence,<|hexagram|>48 <|phase|>resolution <|action|>YIELD <|dominant|>coherence <|porosity|>0.50 <|source|>baseline <|name|>The Well
48,dissolution,0.81129,0.85754,0.21246,0.27621,0.15871,0.5,coherence,<|hexagram|>48 <|phase|>dissolution <|action|>YIELD <|dominant|>coherence <|porosity|>0.50 <|source|>baseline <|name|>The Well
48,crystallization,0.81129,0.85754,0.21246,0.27621,0.15871,0.5,coherence,<|hexagram|>48 <|phase|>crystallization <|action|>YIELD <|dominant|>coherence <|porosity|>0.50 <|source|>baseline <|name|>The Well
48,void,0.81129,0.85754,0.21246,0.27621,0.15871,0.5,coherence,<|hexagram|>48 <|phase|>void <|action|>YIELD <|dominant|>coherence <|porosity|>0.50 <|source|>baseline <|name|>The Well
49,past,0.6187,0.49505,0.5349,0.2887,0.4513,0.5,voiceWeight,<|hexagram|>49 <|phase|>past <|action|>ASSERT <|dominant|>voiceWeight <|porosity|>0.50 <|source|>baseline <|name|>Revolution
49,present,0.6187,0.49505,0.5349,0.2887,0.4513,0.5,voiceWeight,<|hexagram|>49 <|phase|>present <|action|>ASSERT <|dominant|>voiceWeight <|porosity|>0.50 <|source|>baseline <|name|>Revolution
49,future,0.6187,0.49505,0.5349,0.2887,0.4513,0.5,voiceWeight,<|hexagram|>49 <|phase|>future <|action|>ASSERT <|dominant|>voiceWeight <|porosity|>0.50 <|source|>baseline <|name|>Revolution
49,transition,0.6187,0.49505,0.5349,0.2887,0.4513,0.5,voiceWeight,<|hexagram|>49 <|phase|>transition <|action|>ASSERT <|dominant|>voiceWeight <|porosity|>0.50 <|source|>baseline <|name|>Revolution
49,resolution,0.6187,0.49505,0.5349,0.2887,0.4513,0.5,voiceWeight,<|hexagram|>49 <|phase|>resolution <|action|>ASSERT <|dominant|>voiceWeight <|porosity|>0.50 <|source|>baseline <|name|>Revolution
49,dissolution,0.6187,0.49505,0.5349,0.2887,0.4513,0.5,voiceWeight,<|hexagram|>49 <|phase|>dissolution <|action|>ASSERT <|dominant|>voiceWeight <|porosity|>0.50 <|source|>baseline <|name|>Revolution
49,crystallization,0.6187,0.49505,0.5349,0.2887,0.4513,0.5,voiceWeight,<|hexagram|>49 <|phase|>crystallization <|action|>ASSERT <|dominant|>voiceWeight <|porosity|>0.50 <|source|>baseline <|name|>Revolution
49,void,0.6187,0.49505,0.5349,0.2887,0.4513,0.5,voiceWeight,<|hexagram|>49 <|phase|>void <|action|>ASSERT <|dominant|>voiceWeight <|porosity|>0.50 <|source|>baseline <|name|>Revolution
50,past,0.8686,0.85881,0.23515,0.22875,0.14148,0.25,voiceWeight,<|hexagram|>50 <|phase|>past <|action|>ASSERT <|dominant|>voiceWeight <|porosity|>0.25 <|source|>baseline <|name|>The Cauldron
50,present,0.8686,0.85881,0.23515,0.22875,0.14148,0.25,voiceWeight,<|hexagram|>50 <|phase|>present <|action|>ASSERT <|dominant|>voiceWeight <|porosity|>0.25 <|source|>baseline <|name|>The Cauldron
50,future,0.8686,0.85881,0.23515,0.22875,0.14148,0.25,voiceWeight,<|hexagram|>50 <|phase|>future <|action|>ASSERT <|dominant|>voiceWeight <|porosity|>0.25 <|source|>baseline <|name|>The Cauldron
50,transition,0.8686,0.85881,0.23515,0.22875,0.14148,0.25,voiceWeight,<|hexagram|>50 <|phase|>transition <|action|>ASSERT <|dominant|>voiceWeight <|porosity|>0.25 <|source|>baseline <|name|>The Cauldron
50,resolution,0.8686,0.85881,0.23515,0.22875,0.14148,0.25,voiceWeight,<|hexagram|>50 <|phase|>resolution <|action|>ASSERT <|dominant|>voiceWeight <|porosity|>0.25 <|source|>baseline <|name|>The Cauldron
50,dissolution,0.8686,0.85881,0.23515,0.22875,0.14148,0.25,voiceWeight,<|hexagram|>50 <|phase|>dissolution <|action|>ASSERT <|dominant|>voiceWeight <|porosity|>0.25 <|source|>baseline <|name|>The Cauldron
50,crystallization,0.8686,0.85881,0.23515,0.22875,0.14148,0.25,voiceWeight,<|hexagram|>50 <|phase|>crystallization <|action|>ASSERT <|dominant|>voiceWeight <|porosity|>0.25 <|source|>baseline <|name|>The Cauldron
50,void,0.8686,0.85881,0.23515,0.22875,0.14148,0.25,voiceWeight,<|hexagram|>50 <|phase|>void <|action|>ASSERT <|dominant|>voiceWeight <|porosity|>0.25 <|source|>baseline <|name|>The Cauldron
51,past,0.60845,0.4047,0.6653,0.25368,0.48663,0.25,chaos,<|hexagram|>51 <|phase|>past <|action|>ASSERT <|dominant|>chaos <|porosity|>0.25 <|source|>baseline <|name|>The Arousing
51,present,0.60845,0.4047,0.6653,0.25368,0.48663,0.25,chaos,<|hexagram|>51 <|phase|>present <|action|>ASSERT <|dominant|>chaos <|porosity|>0.25 <|source|>baseline <|name|>The Arousing
51,future,0.60845,0.4047,0.6653,0.25368,0.48663,0.25,chaos,<|hexagram|>51 <|phase|>future <|action|>ASSERT <|dominant|>chaos <|porosity|>0.25 <|source|>baseline <|name|>The Arousing
51,transition,0.60845,0.4047,0.6653,0.25368,0.48663,0.25,chaos,<|hexagram|>51 <|phase|>transition <|action|>ASSERT <|dominant|>chaos <|porosity|>0.25 <|source|>baseline <|name|>The Arousing
51,resolution,0.60845,0.4047,0.6653,0.25368,0.48663,0.25,chaos,<|hexagram|>51 <|phase|>resolution <|action|>ASSERT <|dominant|>chaos <|porosity|>0.25 <|source|>baseline <|name|>The Arousing
51,dissolution,0.60845,0.4047,0.6653,0.25368,0.48663,0.25,chaos,<|hexagram|>51 <|phase|>dissolution <|action|>ASSERT <|dominant|>chaos <|porosity|>0.25 <|source|>baseline <|name|>The Arousing
51,crystallization,0.60845,0.4047,0.6653,0.25368,0.48663,0.25,chaos,<|hexagram|>51 <|phase|>crystallization <|action|>ASSERT <|dominant|>chaos <|porosity|>0.25 <|source|>baseline <|name|>The Arousing
51,void,0.60845,0.4047,0.6653,0.25368,0.48663,0.25,chaos,<|hexagram|>51 <|phase|>void <|action|>ASSERT <|dominant|>chaos <|porosity|>0.25 <|source|>baseline <|name|>The Arousing
52,past,0.85874,0.925,0.115,0.07877,0.21121,0.5,coherence,<|hexagram|>52 <|phase|>past <|action|>WAIT <|dominant|>coherence <|porosity|>0.50 <|source|>baseline <|name|>Keeping Still
52,present,0.85874,0.925,0.115,0.07877,0.21121,0.5,coherence,<|hexagram|>52 <|phase|>present <|action|>WAIT <|dominant|>coherence <|porosity|>0.50 <|source|>baseline <|name|>Keeping Still
52,future,0.85874,0.925,0.115,0.07877,0.21121,0.5,coherence,<|hexagram|>52 <|phase|>future <|action|>WAIT <|dominant|>coherence <|porosity|>0.50 <|source|>baseline <|name|>Keeping Still
52,transition,0.85874,0.925,0.115,0.07877,0.21121,0.5,coherence,<|hexagram|>52 <|phase|>transition <|action|>WAIT <|dominant|>coherence <|porosity|>0.50 <|source|>baseline <|name|>Keeping Still
52,resolution,0.85874,0.925,0.115,0.07877,0.21121,0.5,coherence,<|hexagram|>52 <|phase|>resolution <|action|>WAIT <|dominant|>coherence <|porosity|>0.50 <|source|>baseline <|name|>Keeping Still
52,dissolution,0.85874,0.925,0.115,0.07877,0.21121,0.5,coherence,<|hexagram|>52 <|phase|>dissolution <|action|>WAIT <|dominant|>coherence <|porosity|>0.50 <|source|>baseline <|name|>Keeping Still
52,crystallization,0.85874,0.925,0.115,0.07877,0.21121,0.5,coherence,<|hexagram|>52 <|phase|>crystallization <|action|>WAIT <|dominant|>coherence <|porosity|>0.50 <|source|>baseline <|name|>Keeping Still
52,void,0.85874,0.925,0.115,0.07877,0.21121,0.5,coherence,<|hexagram|>52 <|phase|>void <|action|>WAIT <|dominant|>coherence <|porosity|>0.50 <|source|>baseline <|name|>Keeping Still
53,past,0.80977,0.87246,0.21754,0.23383,0.08973,0.5,coherence,<|hexagram|>53 <|phase|>past <|action|>ADAPT <|dominant|>coherence <|porosity|>0.50 <|source|>baseline <|name|>Development
53,present,0.80977,0.87246,0.21754,0.23383,0.08973,0.5,coherence,<|hexagram|>53 <|phase|>present <|action|>ADAPT <|dominant|>coherence <|porosity|>0.50 <|source|>baseline <|name|>Development
53,future,0.80977,0.87246,0.21754,0.23383,0.08973,0.5,coherence,<|hexagram|>53 <|phase|>future <|action|>ADAPT <|dominant|>coherence <|porosity|>0.50 <|source|>baseline <|name|>Development
53,transition,0.80977,0.87246,0.21754,0.23383,0.08973,0.5,coherence,<|hexagram|>53 <|phase|>transition <|action|>ADAPT <|dominant|>coherence <|porosity|>0.50 <|source|>baseline <|name|>Development
53,resolution,0.80977,0.87246,0.21754,0.23383,0.08973,0.5,coherence,<|hexagram|>53 <|phase|>resolution <|action|>ADAPT <|dominant|>coherence <|porosity|>0.50 <|source|>baseline <|name|>Development
53,dissolution,0.80977,0.87246,0.21754,0.23383,0.08973,0.5,coherence,<|hexagram|>53 <|phase|>dissolution <|action|>ADAPT <|dominant|>coherence <|porosity|>0.50 <|source|>baseline <|name|>Development
53,crystallization,0.80977,0.87246,0.21754,0.23383,0.08973,0.5,coherence,<|hexagram|>53 <|phase|>crystallization <|action|>ADAPT <|dominant|>coherence <|porosity|>0.50 <|source|>baseline <|name|>Development
53,void,0.80977,0.87246,0.21754,0.23383,0.08973,0.5,coherence,<|hexagram|>53 <|phase|>void <|action|>ADAPT <|dominant|>coherence <|porosity|>0.50 <|source|>baseline <|name|>Development
54,past,0.71908,0.69557,0.31455,0.50367,0.176,0.75,voiceWeight,<|hexagram|>54 <|phase|>past <|action|>YIELD <|dominant|>voiceWeight <|porosity|>0.75 <|source|>baseline <|name|>The Marrying Maiden
54,present,0.71908,0.69557,0.31455,0.50367,0.176,0.75,voiceWeight,<|hexagram|>54 <|phase|>present <|action|>YIELD <|dominant|>voiceWeight <|porosity|>0.75 <|source|>baseline <|name|>The Marrying Maiden
54,future,0.71908,0.69557,0.31455,0.50367,0.176,0.75,voiceWeight,<|hexagram|>54 <|phase|>future <|action|>YIELD <|dominant|>voiceWeight <|porosity|>0.75 <|source|>baseline <|name|>The Marrying Maiden
54,transition,0.71908,0.69557,0.31455,0.50367,0.176,0.75,voiceWeight,<|hexagram|>54 <|phase|>transition <|action|>YIELD <|dominant|>voiceWeight <|porosity|>0.75 <|source|>baseline <|name|>The Marrying Maiden
54,resolution,0.71908,0.69557,0.31455,0.50367,0.176,0.75,voiceWeight,<|hexagram|>54 <|phase|>resolution <|action|>YIELD <|dominant|>voiceWeight <|porosity|>0.75 <|source|>baseline <|name|>The Marrying Maiden
54,dissolution,0.71908,0.69557,0.31455,0.50367,0.176,0.75,voiceWeight,<|hexagram|>54 <|phase|>dissolution <|action|>YIELD <|dominant|>voiceWeight <|porosity|>0.75 <|source|>baseline <|name|>The Marrying Maiden
54,crystallization,0.71908,0.69557,0.31455,0.50367,0.176,0.75,voiceWeight,<|hexagram|>54 <|phase|>crystallization <|action|>YIELD <|dominant|>voiceWeight <|porosity|>0.75 <|source|>baseline <|name|>The Marrying Maiden
54,void,0.71908,0.69557,0.31455,0.50367,0.176,0.75,voiceWeight,<|hexagram|>54 <|phase|>void <|action|>YIELD <|dominant|>voiceWeight <|porosity|>0.75 <|source|>baseline <|name|>The Marrying Maiden
55,past,0.6083,0.42948,0.6153,0.25353,0.38678,0.25,chaos,<|hexagram|>55 <|phase|>past <|action|>ASSERT <|dominant|>chaos <|porosity|>0.25 <|source|>baseline <|name|>Abundance
55,present,0.6083,0.42948,0.6153,0.25353,0.38678,0.25,chaos,<|hexagram|>55 <|phase|>present <|action|>ASSERT <|dominant|>chaos <|porosity|>0.25 <|source|>baseline <|name|>Abundance
55,future,0.6083,0.42948,0.6153,0.25353,0.38678,0.25,chaos,<|hexagram|>55 <|phase|>future <|action|>ASSERT <|dominant|>chaos <|porosity|>0.25 <|source|>baseline <|name|>Abundance
55,transition,0.6083,0.42948,0.6153,0.25353,0.38678,0.25,chaos,<|hexagram|>55 <|phase|>transition <|action|>ASSERT <|dominant|>chaos <|porosity|>0.25 <|source|>baseline <|name|>Abundance
55,resolution,0.6083,0.42948,0.6153,0.25353,0.38678,0.25,chaos,<|hexagram|>55 <|phase|>resolution <|action|>ASSERT <|dominant|>chaos <|porosity|>0.25 <|source|>baseline <|name|>Abundance
55,dissolution,0.6083,0.42948,0.6153,0.25353,0.38678,0.25,chaos,<|hexagram|>55 <|phase|>dissolution <|action|>ASSERT <|dominant|>chaos <|porosity|>0.25 <|source|>baseline <|name|>Abundance
55,crystallization,0.6083,0.42948,0.6153,0.25353,0.38678,0.25,chaos,<|hexagram|>55 <|phase|>crystallization <|action|>ASSERT <|dominant|>chaos <|porosity|>0.25 <|source|>baseline <|name|>Abundance
55,void,0.6083,0.42948,0.6153,0.25353,0.38678,0.25,chaos,<|hexagram|>55 <|phase|>void <|action|>ASSERT <|dominant|>chaos <|porosity|>0.25 <|source|>baseline <|name|>Abundance
56,past,0.69905,0.62552,0.40455,0.34852,0.27095,0.75,voiceWeight,<|hexagram|>56 <|phase|>past <|action|>ADAPT <|dominant|>voiceWeight <|porosity|>0.75 <|source|>baseline <|name|>The Wanderer
56,present,0.69905,0.62552,0.40455,0.34852,0.27095,0.75,voiceWeight,<|hexagram|>56 <|phase|>present <|action|>ADAPT <|dominant|>voiceWeight <|porosity|>0.75 <|source|>baseline <|name|>The Wanderer
56,future,0.69905,0.62552,0.40455,0.34852,0.27095,0.75,voiceWeight,<|hexagram|>56 <|phase|>future <|action|>ADAPT <|dominant|>voiceWeight <|porosity|>0.75 <|source|>baseline <|name|>The Wanderer
56,transition,0.69905,0.62552,0.40455,0.34852,0.27095,0.75,voiceWeight,<|hexagram|>56 <|phase|>transition <|action|>ADAPT <|dominant|>voiceWeight <|porosity|>0.75 <|source|>baseline <|name|>The Wanderer
56,resolution,0.69905,0.62552,0.40455,0.34852,0.27095,0.75,voiceWeight,<|hexagram|>56 <|phase|>resolution <|action|>ADAPT <|dominant|>voiceWeight <|porosity|>0.75 <|source|>baseline <|name|>The Wanderer
56,dissolution,0.69905,0.62552,0.40455,0.34852,0.27095,0.75,voiceWeight,<|hexagram|>56 <|phase|>dissolution <|action|>ADAPT <|dominant|>voiceWeight <|porosity|>0.75 <|source|>baseline <|name|>The Wanderer
56,crystallization,0.69905,0.62552,0.40455,0.34852,0.27095,0.75,voiceWeight,<|hexagram|>56 <|phase|>crystallization <|action|>ADAPT <|dominant|>voiceWeight <|porosity|>0.75 <|source|>baseline <|name|>The Wanderer
56,void,0.69905,0.62552,0.40455,0.34852,0.27095,0.75,voiceWeight,<|hexagram|>56 <|phase|>void <|action|>ADAPT <|dominant|>voiceWeight <|porosity|>0.75 <|source|>baseline <|name|>The Wanderer
57,past,0.85875,0.90399,0.16754,0.22621,0.11125,0.5,coherence,<|hexagram|>57 <|phase|>past <|action|>YIELD <|dominant|>coherence <|porosity|>0.50 <|source|>baseline <|name|>The Gentle
57,present,0.85875,0.90399,0.16754,0.22621,0.11125,0.5,coherence,<|hexagram|>57 <|phase|>present <|action|>YIELD <|dominant|>coherence <|porosity|>0.50 <|source|>baseline <|name|>The Gentle
57,future,0.85875,0.90399,0.16754,0.22621,0.11125,0.5,coherence,<|hexagram|>57 <|phase|>future <|action|>YIELD <|dominant|>coherence <|porosity|>0.50 <|source|>baseline <|name|>The Gentle
57,transition,0.85875,0.90399,0.16754,0.22621,0.11125,0.5,coherence,<|hexagram|>57 <|phase|>transition <|action|>YIELD <|dominant|>coherence <|porosity|>0.50 <|source|>baseline <|name|>The Gentle
57,resolution,0.85875,0.90399,0.16754,0.22621,0.11125,0.5,coherence,<|hexagram|>57 <|phase|>resolution <|action|>YIELD <|dominant|>coherence <|porosity|>0.50 <|source|>baseline <|name|>The Gentle
57,dissolution,0.85875,0.90399,0.16754,0.22621,0.11125,0.5,coherence,<|hexagram|>57 <|phase|>dissolution <|action|>YIELD <|dominant|>coherence <|porosity|>0.50 <|source|>baseline <|name|>The Gentle
57,crystallization,0.85875,0.90399,0.16754,0.22621,0.11125,0.5,coherence,<|hexagram|>57 <|phase|>crystallization <|action|>YIELD <|dominant|>coherence <|porosity|>0.50 <|source|>baseline <|name|>The Gentle
57,void,0.85875,0.90399,0.16754,0.22621,0.11125,0.5,coherence,<|hexagram|>57 <|phase|>void <|action|>YIELD <|dominant|>coherence <|porosity|>0.50 <|source|>baseline <|name|>The Gentle
58,past,0.84487,0.83523,0.18478,0.54815,0.05117,0.25,voiceWeight,<|hexagram|>58 <|phase|>past <|action|>YIELD <|dominant|>voiceWeight <|porosity|>0.25 <|source|>baseline <|name|>The Joyous
58,present,0.84487,0.83523,0.18478,0.54815,0.05117,0.25,voiceWeight,<|hexagram|>58 <|phase|>present <|action|>YIELD <|dominant|>voiceWeight <|porosity|>0.25 <|source|>baseline <|name|>The Joyous
58,future,0.84487,0.83523,0.18478,0.54815,0.05117,0.25,voiceWeight,<|hexagram|>58 <|phase|>future <|action|>YIELD <|dominant|>voiceWeight <|porosity|>0.25 <|source|>baseline <|name|>The Joyous
58,transition,0.84487,0.83523,0.18478,0.54815,0.05117,0.25,voiceWeight,<|hexagram|>58 <|phase|>transition <|action|>YIELD <|dominant|>voiceWeight <|porosity|>0.25 <|source|>baseline <|name|>The Joyous
58,resolution,0.84487,0.83523,0.18478,0.54815,0.05117,0.25,voiceWeight,<|hexagram|>58 <|phase|>resolution <|action|>YIELD <|dominant|>voiceWeight <|porosity|>0.25 <|source|>baseline <|name|>The Joyous
58,dissolution,0.84487,0.83523,0.18478,0.54815,0.05117,0.25,voiceWeight,<|hexagram|>58 <|phase|>dissolution <|action|>YIELD <|dominant|>voiceWeight <|porosity|>0.25 <|source|>baseline <|name|>The Joyous
58,crystallization,0.84487,0.83523,0.18478,0.54815,0.05117,0.25,voiceWeight,<|hexagram|>58 <|phase|>crystallization <|action|>YIELD <|dominant|>voiceWeight <|porosity|>0.25 <|source|>baseline <|name|>The Joyous
58,void,0.84487,0.83523,0.18478,0.54815,0.05117,0.25,voiceWeight,<|hexagram|>58 <|phase|>void <|action|>YIELD <|dominant|>voiceWeight <|porosity|>0.25 <|source|>baseline <|name|>The Joyous
59,past,0.7589,0.78038,0.28963,0.22845,0.16125,0.75,coherence,<|hexagram|>59 <|phase|>past <|action|>ADAPT <|dominant|>coherence <|porosity|>0.75 <|source|>baseline <|name|>Dispersion
59,present,0.7589,0.78038,0.28963,0.22845,0.16125,0.75,coherence,<|hexagram|>59 <|phase|>present <|action|>ADAPT <|dominant|>coherence <|porosity|>0.75 <|source|>baseline <|name|>Dispersion
59,future,0.7589,0.78038,0.28963,0.22845,0.16125,0.75,coherence,<|hexagram|>59 <|phase|>future <|action|>ADAPT <|dominant|>coherence <|porosity|>0.75 <|source|>baseline <|name|>Dispersion
59,transition,0.7589,0.78038,0.28963,0.22845,0.16125,0.75,coherence,<|hexagram|>59 <|phase|>transition <|action|>ADAPT <|dominant|>coherence <|porosity|>0.75 <|source|>baseline <|name|>Dispersion
59,resolution,0.7589,0.78038,0.28963,0.22845,0.16125,0.75,coherence,<|hexagram|>59 <|phase|>resolution <|action|>ADAPT <|dominant|>coherence <|porosity|>0.75 <|source|>baseline <|name|>Dispersion
59,dissolution,0.7589,0.78038,0.28963,0.22845,0.16125,0.75,coherence,<|hexagram|>59 <|phase|>dissolution <|action|>ADAPT <|dominant|>coherence <|porosity|>0.75 <|source|>baseline <|name|>Dispersion
59,crystallization,0.7589,0.78038,0.28963,0.22845,0.16125,0.75,coherence,<|hexagram|>59 <|phase|>crystallization <|action|>ADAPT <|dominant|>coherence <|porosity|>0.75 <|source|>baseline <|name|>Dispersion
59,void,0.7589,0.78038,0.28963,0.22845,0.16125,0.75,coherence,<|hexagram|>59 <|phase|>void <|action|>ADAPT <|dominant|>coherence <|porosity|>0.75 <|source|>baseline <|name|>Dispersion
60,past,0.80875,0.90246,0.16754,0.13636,0.16125,0.5,coherence,<|hexagram|>60 <|phase|>past <|action|>WAIT <|dominant|>coherence <|porosity|>0.50 <|source|>baseline <|name|>Limitation
60,present,0.80875,0.90246,0.16754,0.13636,0.16125,0.5,coherence,<|hexagram|>60 <|phase|>present <|action|>WAIT <|dominant|>coherence <|porosity|>0.50 <|source|>baseline <|name|>Limitation
60,future,0.80875,0.90246,0.16754,0.13636,0.16125,0.5,coherence,<|hexagram|>60 <|phase|>future <|action|>WAIT <|dominant|>coherence <|porosity|>0.50 <|source|>baseline <|name|>Limitation
60,transition,0.80875,0.90246,0.16754,0.13636,0.16125,0.5,coherence,<|hexagram|>60 <|phase|>transition <|action|>WAIT <|dominant|>coherence <|porosity|>0.50 <|source|>baseline <|name|>Limitation
60,resolution,0.80875,0.90246,0.16754,0.13636,0.16125,0.5,coherence,<|hexagram|>60 <|phase|>resolution <|action|>WAIT <|dominant|>coherence <|porosity|>0.50 <|source|>baseline <|name|>Limitation
60,dissolution,0.80875,0.90246,0.16754,0.13636,0.16125,0.5,coherence,<|hexagram|>60 <|phase|>dissolution <|action|>WAIT <|dominant|>coherence <|porosity|>0.50 <|source|>baseline <|name|>Limitation
60,crystallization,0.80875,0.90246,0.16754,0.13636,0.16125,0.5,coherence,<|hexagram|>60 <|phase|>crystallization <|action|>WAIT <|dominant|>coherence <|porosity|>0.50 <|source|>baseline <|name|>Limitation
60,void,0.80875,0.90246,0.16754,0.13636,0.16125,0.5,coherence,<|hexagram|>60 <|phase|>void <|action|>WAIT <|dominant|>coherence <|porosity|>0.50 <|source|>baseline <|name|>Limitation
61,past,0.88723,0.93348,0.11754,0.18129,0.06379,0.25,coherence,<|hexagram|>61 <|phase|>past <|action|>YIELD <|dominant|>coherence <|porosity|>0.25 <|source|>baseline <|name|>Inner Truth
61,present,0.88723,0.93348,0.11754,0.18129,0.06379,0.25,coherence,<|hexagram|>61 <|phase|>present <|action|>YIELD <|dominant|>coherence <|porosity|>0.25 <|source|>baseline <|name|>Inner Truth
61,future,0.88723,0.93348,0.11754,0.18129,0.06379,0.25,coherence,<|hexagram|>61 <|phase|>future <|action|>YIELD <|dominant|>coherence <|porosity|>0.25 <|source|>baseline <|name|>Inner Truth
61,transition,0.88723,0.93348,0.11754,0.18129,0.06379,0.25,coherence,<|hexagram|>61 <|phase|>transition <|action|>YIELD <|dominant|>coherence <|porosity|>0.25 <|source|>baseline <|name|>Inner Truth
61,resolution,0.88723,0.93348,0.11754,0.18129,0.06379,0.25,coherence,<|hexagram|>61 <|phase|>resolution <|action|>YIELD <|dominant|>coherence <|porosity|>0.25 <|source|>baseline <|name|>Inner Truth
61,dissolution,0.88723,0.93348,0.11754,0.18129,0.06379,0.25,coherence,<|hexagram|>61 <|phase|>dissolution <|action|>YIELD <|dominant|>coherence <|porosity|>0.25 <|source|>baseline <|name|>Inner Truth
61,crystallization,0.88723,0.93348,0.11754,0.18129,0.06379,0.25,coherence,<|hexagram|>61 <|phase|>crystallization <|action|>YIELD <|dominant|>coherence <|porosity|>0.25 <|source|>baseline <|name|>Inner Truth
61,void,0.88723,0.93348,0.11754,0.18129,0.06379,0.25,coherence,<|hexagram|>61 <|phase|>void <|action|>YIELD <|dominant|>coherence <|porosity|>0.25 <|source|>baseline <|name|>Inner Truth
62,past,0.73308,0.74933,0.3247,0.2086,0.2411,0.75,coherence,<|hexagram|>62 <|phase|>past <|action|>WAIT <|dominant|>coherence <|porosity|>0.75 <|source|>baseline <|name|>Preponderance of the Small
62,present,0.73308,0.74933,0.3247,0.2086,0.2411,0.75,coherence,<|hexagram|>62 <|phase|>present <|action|>WAIT <|dominant|>coherence <|porosity|>0.75 <|source|>baseline <|name|>Preponderance of the Small
62,future,0.73308,0.74933,0.3247,0.2086,0.2411,0.75,coherence,<|hexagram|>62 <|phase|>future <|action|>WAIT <|dominant|>coherence <|porosity|>0.75 <|source|>baseline <|name|>Preponderance of the Small
62,transition,0.73308,0.74933,0.3247,0.2086,0.2411,0.75,coherence,<|hexagram|>62 <|phase|>transition <|action|>WAIT <|dominant|>coherence <|porosity|>0.75 <|source|>baseline <|name|>Preponderance of the Small
62,resolution,0.73308,0.74933,0.3247,0.2086,0.2411,0.75,coherence,<|hexagram|>62 <|phase|>resolution <|action|>WAIT <|dominant|>coherence <|porosity|>0.75 <|source|>baseline <|name|>Preponderance of the Small
62,dissolution,0.73308,0.74933,0.3247,0.2086,0.2411,0.75,coherence,<|hexagram|>62 <|phase|>dissolution <|action|>WAIT <|dominant|>coherence <|porosity|>0.75 <|source|>baseline <|name|>Preponderance of the Small
62,crystallization,0.73308,0.74933,0.3247,0.2086,0.2411,0.75,coherence,<|hexagram|>62 <|phase|>crystallization <|action|>WAIT <|dominant|>coherence <|porosity|>0.75 <|source|>baseline <|name|>Preponderance of the Small
62,void,0.73308,0.74933,0.3247,0.2086,0.2411,0.75,coherence,<|hexagram|>62 <|phase|>void <|action|>WAIT <|dominant|>coherence <|porosity|>0.75 <|source|>baseline <|name|>Preponderance of the Small
63,past,0.74412,0.76813,0.2456,0.12875,0.22208,0.5,coherence,<|hexagram|>63 <|phase|>past <|action|>WAIT <|dominant|>coherence <|porosity|>0.50 <|source|>baseline <|name|>After Completion
63,present,0.74412,0.76813,0.2456,0.12875,0.22208,0.5,coherence,<|hexagram|>63 <|phase|>present <|action|>WAIT <|dominant|>coherence <|porosity|>0.50 <|source|>baseline <|name|>After Completion
63,future,0.74412,0.76813,0.2456,0.12875,0.22208,0.5,coherence,<|hexagram|>63 <|phase|>future <|action|>WAIT <|dominant|>coherence <|porosity|>0.50 <|source|>baseline <|name|>After Completion
63,transition,0.74412,0.76813,0.2456,0.12875,0.22208,0.5,coherence,<|hexagram|>63 <|phase|>transition <|action|>WAIT <|dominant|>coherence <|porosity|>0.50 <|source|>baseline <|name|>After Completion
63,resolution,0.74412,0.76813,0.2456,0.12875,0.22208,0.5,coherence,<|hexagram|>63 <|phase|>resolution <|action|>WAIT <|dominant|>coherence <|porosity|>0.50 <|source|>baseline <|name|>After Completion
63,dissolution,0.74412,0.76813,0.2456,0.12875,0.22208,0.5,coherence,<|hexagram|>63 <|phase|>dissolution <|action|>WAIT <|dominant|>coherence <|porosity|>0.50 <|source|>baseline <|name|>After Completion
63,crystallization,0.74412,0.76813,0.2456,0.12875,0.22208,0.5,coherence,<|hexagram|>63 <|phase|>crystallization <|action|>WAIT <|dominant|>coherence <|porosity|>0.50 <|source|>baseline <|name|>After Completion
63,void,0.74412,0.76813,0.2456,0.12875,0.22208,0.5,coherence,<|hexagram|>63 <|phase|>void <|action|>WAIT <|dominant|>coherence <|porosity|>0.50 <|source|>baseline <|name|>After Completion
64,past,0.70905,0.6556,0.38962,0.30383,0.21095,0.75,voiceWeight,<|hexagram|>64 <|phase|>past <|action|>ADAPT <|dominant|>voiceWeight <|porosity|>0.75 <|source|>baseline <|name|>Before Completion
64,present,0.70905,0.6556,0.38962,0.30383,0.21095,0.75,voiceWeight,<|hexagram|>64 <|phase|>present <|action|>ADAPT <|dominant|>voiceWeight <|porosity|>0.75 <|source|>baseline <|name|>Before Completion
64,future,0.70905,0.6556,0.38962,0.30383,0.21095,0.75,voiceWeight,<|hexagram|>64 <|phase|>future <|action|>ADAPT <|dominant|>voiceWeight <|porosity|>0.75 <|source|>baseline <|name|>Before Completion
64,transition,0.70905,0.6556,0.38962,0.30383,0.21095,0.75,voiceWeight,<|hexagram|>64 <|phase|>transition <|action|>ADAPT <|dominant|>voiceWeight <|porosity|>0.75 <|source|>baseline <|name|>Before Completion
64,resolution,0.70905,0.6556,0.38962,0.30383,0.21095,0.75,voiceWeight,<|hexagram|>64 <|phase|>resolution <|action|>ADAPT <|dominant|>voiceWeight <|porosity|>0.75 <|source|>baseline <|name|>Before Completion
64,dissolution,0.70905,0.6556,0.38962,0.30383,0.21095,0.75,voiceWeight,<|hexagram|>64 <|phase|>dissolution <|action|>ADAPT <|dominant|>voiceWeight <|porosity|>0.75 <|source|>baseline <|name|>Before Completion
64,crystallization,0.70905,0.6556,0.38962,0.30383,0.21095,0.75,voiceWeight,<|hexagram|>64 <|phase|>crystallization <|action|>ADAPT <|dominant|>voiceWeight <|porosity|>0.75 <|source|>baseline <|name|>Before Completion
64,void,0.70905,0.6556,0.38962,0.30383,0.21095,0.75,voiceWeight,<|hexagram|>64 <|phase|>void <|action|>ADAPT <|dominant|>voiceWeight <|porosity|>0.75 <|source|>baseline <|name|>Before Completion
